--
-- 插入之前先把表清空（truncate） `admin_account`
--

TRUNCATE TABLE `admin_account`;
--
-- 转存表中的数据 `admin_account`
--

INSERT INTO `admin_account` (`id`, `version`, `enable`, `name`, `email`, `username`, `password`, `register_time`, `role_id`, `organization_id`, `im_username`, `nickname`) VALUES
(1, 1, 1, 'admin', 'admin@jhj.com', '徐sir', '7832545dc101bc98f65ccde5f93e5d24', '2014-04-02 23:26:40', 1, 1, NULL, '徐sir'),
(2, 0, 1, '店长', 'shuangjing@jia-he-jia.com', 'shuangjing', '5a08b4f7c131be9f692b6c36a201f731', '2015-09-17 14:59:41', 2, 0, NULL, '呵呵'),
(3, 0, 1, '邵毅夫', 'shaoyifu@jia-he-jia.com', 'shaoyifu', '5a08b4f7c131be9f692b6c36a201f731', '2015-09-27 09:52:02', 3, 0, NULL, 'shaoyifu'),
(4, 0, 1, 'tianjiangtao', 'tianjiangtao@jia-he-jia.com', 'tianjiangtao', '5a08b4f7c131be9f692b6c36a201f731', '2015-10-08 18:04:38', 4, 0, NULL, 'tianjiangtao'),
(5, 0, 1, '苗全国', 'miaoquanguo@jia-he-jia.com', 'miaoquanguo', '5a08b4f7c131be9f692b6c36a201f731', '2015-10-31 14:47:43', 5, 0, NULL, 'miaoquanguo'),
(6, 0, 1, 'sujuan', 'sujuan@jia-he-jia.com', 'sujuan', '5a08b4f7c131be9f692b6c36a201f731', '2015-11-04 10:33:12', 6, 0, NULL, 'sujuan'),
(7, 0, 1, '值班账户', 'info@jia-he-jia.com', 'jiahejia', '550c1beab72ec2d3ab345f3b6a225ec5', '2016-01-30 15:01:12', 7, 0, NULL, '值班账户');

--
-- 插入之前先把表清空（truncate） `admin_authority`
--

TRUNCATE TABLE `admin_authority`;
--
-- 转存表中的数据 `admin_authority`
--

INSERT INTO `admin_authority` (`id`, `version`, `enable`, `name`, `level_code`, `position`, `the_value`, `url`, `match_url`, `item_icon`, `parent_id`) VALUES
(1, 3, 0, '欢迎使用', '1', 1, '1', '/home', '^/home$', 'icon-home', 0),
(2, 2, 0, '首页', '1,2', 0, '1', '/home/index', '/home/index', '', 1),
(3, 2, 0, '系统设置', '3', 2, '2', '/setting', '^/setting$', 'icon-cogs', 0),
(4, 4, 0, '用户管理', '3,4', 1, '1', '/account/list', '/account/list|/account/register', '', 3),
(7, 1, 0, '角色管理', '3,7', 2, '2', '/role/list', '/role/list|/role/toRoleForm', '', 3),
(10, 1, 0, '权限管理', '3,10', 3, '3', '/authority/chain', '/authority/chain', '', 3),
(15, 1, 1, '基础配置', '15', 3, '2', '/base/', '/base', 'icon-archive', 0),
(16, 1, 1, '服务类型', '15,16', 1, '1', '/base/service-list', '/base/service-list|/base/serviceTypeForm|/base/serviceAdd-list|/base/serviceAddForm', '', 15),
(17, 1, 1, '广告位管理', '15,17', 2, '1', '/base/ad-list', '/base/ad-list|/base/adForm', '', 15),
(18, 1, 1, '充值卡管理', '15,18', 3, '1', '/base/card-list', '/base/card-list|/base/cardForm', '', 15),
(19, 1, 1, '业务管理', '19', 5, '2', '/bs/', '/bs', 'icon-building', 0),
(20, 1, 1, '门店管理', '19,20', 2, '1', '/bs/org-list', '/bs/org-list|/bs/orgForm', '', 79),
(21, 1, 1, '服务人员', '19,21', 5, '1', '/bs/staff-list', '/bs/staff-list|/bs/orgStaffForm|/order/order-scheduling|/bs/doOrgStaffForm', '', 79),
(22, 1, 1, '助理人员', '19,21', 6, '1', '/bs/am-list', '/bs/am-list|/bs/staffAsForm|/bs/doOrgStaffAsForm', '', 79),
(23, 1, 1, '标签库', '19,23', 7, '1', '/bs/tag-list', '/bs/tag-list|/bs/tagForm|/bs/doTagForm', '', 19),
(24, 1, 1, '赠送优惠券', '19,24', 8, '1', '/bs/recharge-coupon-list', '/bs/recharge-coupon-list|/bs/toRechargeCouponForm|/bs/rechargeCouponForm| /bs/toRechargeCouponUserList', '', 19),
(25, 1, 1, '外部资源', '19,25', 11, '1', '/bs/outsrc-list', '/bs/outsrc-list', '', 19),
(26, 1, 1, '会员管理', '26', 6, '2', '/user/', '/user', 'icon-user', 0),
(27, 1, 1, '会员列表', '26,27', 1, '1', '/user/user-list', '/user/user-list|/user/charge-form|/user/coupons-list', '', 26),
(28, 1, 1, '会员消费明细', '26,28', 2, '1', '/user/user-pay-detail', '/user/user-pay-detail', '', 26),
(29, 1, 1, '订单管理', '29', 7, '2', '/order/', '/order', 'icon-shopping-cart', 0),
(30, 1, 1, '订单列表', '29,30', 7, '1', '/order/order-list', '/order/order-list|/order/orderView', '', 29),
(31, 1, 1, '派工列表', '29,31', 8, '1', '/order/cal-list', '/order/cal-list|', '', 29),
(33, 1, 1, '内容管理', '33', 8, '2', '/cp', '/cp', ' icon-folder-open', 0),
(36, 1, 1, '兑换码优惠券', '36,19', 9, '1', '/bs/convert-coupon-list', '/bs/convert-coupon-list|/bs/toConvertCouponForm|/bs/convertCouponForm', '', 19),
(37, 1, 1, '礼包', '37,19', 10, '1', '/bs/gifts-list', '/bs/gifts-list|/bs/toGiftsForm|/bs/giftsForm', '', 19),
(38, 1, 1, '统计图表', '38', 9, '1', '/chart', '/chart', 'icon-building', 0),
(39, 1, 1, '市场用户图表', '39,38', 1, '1', '/chart/chartUser', '/chart/chartUser', '', 38),
(40, 1, 1, '用户活跃度图表', '40,38', 2, '', '/chart/userLive', '/chart/userLive', '', 38),
(41, 1, 1, '市场订单图表', '41,38', 3, '1', '/chart/chartOrder', '/chart/chartOrder', '', 38),
(42, 1, 1, '市场品类图表', '42,38', 4, '1', '/chart/chartType', '/chart/chartType', '', 38),
(43, 1, 1, '助理品类图表', '43,38', 5, '', '/chart/chartAmType', '/chart/chartAmType', '', 38),
(44, 1, 1, '订单收入图表', '44,38', 6, '1', '/chart/chartOrderRevenue', '/chart/chartOrderRevenue', '', 38),
(45, 1, 1, '品类收入图表', '45,38', 7, '', '/chart/chartTypeRevenue', '/chart/chartTypeRevenue', '', 38),
(46, 1, 1, '助理品类收入图表', '46,38', 8, '', '/chart/chartServiceType', '/chart/chartServiceType', '', 38),
(47, 1, 1, '充值卡销售图表', '47,38', 9, '1', '/chart/chartSaleCard', '/chart/chartSaleCard', '', 38),
(48, 1, 1, '用户余额图表', '48,38', 10, '1', '/chart/chartMoreCard', '/chart/chartMoreCard', '', 38),
(49, 1, 1, '排班情况', '49,31', 9, '1', '/bs/staff-list', '/order', '', 79),
(50, 1, 1, '社区活动列表', '50,33', 1, '1', '/socials/socials-list', '/socials/socials-list|/socials/socials-form', '', 33),
(51, 1, 1, '社区活动记录列表', '51,33', 2, '1', '/socials/social-call-list', '/socials/social-call-list', '', 33),
(53, 1, 1, '验证码列表', '52,3', 4, '', '/user/token-list', '/user/token-list', '', 3),
(55, 1, 1, '提醒订单', '54,29', 4, '1', '/order/remind-order-list', '/order/remind-order-list', '', 29),
(56, 1, 1, '话费订单', '56,29', 5, '', '/order/phone_charge_order_list', '/order/phone_charge_order_list', '', 29),
(57, 1, 1, '话费订单图表', '57,38', 11, '', '/chart/phoneRechargeOrder', '/chart/phoneRechargeOrder', '', 38),
(58, 1, 1, '话费订单收入图表', '58,38', 12, '', '/chart/phoneRechargeRevenue', '/chart/phoneRechargeRevenue', '', 38),
(59, 1, 1, '助理类型分类管理', '59,15', 4, '', '/base/degree_type_list', '/base/degree_type_list', '', 15),
(60, 1, 1, '叮当大学', '60', 10, '2', '/university/', '/university', 'icon-list-alt', 0),
(61, 1, 1, '服务类别列表', '61,60', 0, '2', '/university/partner_list', '/university/partner_list', '', 60),
(62, 1, 1, '培训学习', '62,60', 1, '2', '/university/study_list', '/university/study_list', '', 60),
(63, 1, 1, '题库管理', '63,60', 2, '', '/university/bank_list', '/university/bank_list', '', 60),
(64, 1, 1, '考题管理', '64,60', 3, '', '/university/question_list', '/university/question_list', '', 60),
(65, 1, 1, '服务人员提现列表', '65,29', 10, '', '/staff/cash-list', '/staff/cash-list', '', 79),
(66, 1, 1, '服务人员消费明细表', '66,29', 11, '', '/staff/staffPay-list', '/staff/staffPay-list', '', 79),
(67, 1, 1, '黑名单列表', '67,29', 12, '', '/staff/staffBlack-list', '/staff/staffBlack-list', '', 79),
(68, 1, 1, '服务人员欠款明细列表', '68,29', 13, '', '/staff/staffPayDept-list', '/staff/staffPayDept-list', '', 79),
(69, 1, 1, '消息列表', '69,29', 9, '', '/msg/list', '/msg/list', '', 29),
(70, 1, 1, '助理订单列表', '70,29', 3, '1', '/order/order-am-list', '/order/order-am-list|/order/order-am-view', '', 29),
(71, 1, 1, '配送订单列表', '71,29', 4, '1', '/order/order-del-list', '/order/order-del-list|/order-order-del-view', '', 29),
(72, 1, 1, '钟点工订单列表', '72,29', 1, '1', '/order/order-hour-list', '/order/order-hour-list|/order/order-hour-view', '', 29),
(73, 1, 1, '深度保洁订单列表', '73,29', 2, '1', '/order/order-exp-list', '/order/order-exp-list|/order/order-exp-view', '', 29),
(74, 1, 1, '云店管理', '74,19', 3, '', '/group/group_list', '/group/group_list', '', 79),
(75, 1, 1, '工作人员', '75,19', 4, '', '/newbs/new_staff_list', '/newbs/new_staff_list', '', 79),
(76, 1, 1, '服务类别管理', '76,19', 1, '', '/newbs/service_type_list', '/newbs/service_type_list', '', 19),
(77, 1, 1, '会员充值', '77,26', 3, '', '/user/finance_user-list', '/user', '', 26),
(78, 1, 1, '财务充值记录', '78,26', 4, '', '/user/finace_recharge_list', '/user/finace_recharge_list', '', 26),
(79, 1, 1, '门店管理', '79', 4, '', 'org', 'org', '', 0),
(80, 1, 1, '合作商户', '80', 11, '', 'p', 'p', '', 0);

--
-- 插入之前先把表清空（truncate） `admin_organization`
--

TRUNCATE TABLE `admin_organization`;
--
-- 转存表中的数据 `admin_organization`
--

INSERT INTO `admin_organization` (`id`, `version`, `enable`, `name`, `level_code`, `position`, `the_value`, `parent_id`) VALUES
(1, 1, 0, '总机构', '1', 0, '1', 0),
(2, 1, 0, '分机构1-1', '1,2', 0, '1', 1),
(3, 1, 0, '分机构', '1,3', 0, '', 1),
(4, 1, 0, '总机构2', '4', 0, '2', 0),
(5, 2, 0, '组织机构2-1', '4,5', 0, '1', 4);

--
-- 插入之前先把表清空（truncate） `admin_ref_org`
--

TRUNCATE TABLE `admin_ref_org`;
--
-- 转存表中的数据 `admin_ref_org`
--

INSERT INTO `admin_ref_org` (`id`, `admin_id`, `org_id`, `add_time`) VALUES
(2, 3, 0, 1443318722),
(3, 2, 1, 1443420278),
(4, 1, 0, 1444281540),
(5, 4, 0, 1444298677),
(6, 5, 0, 1446274063),
(7, 6, 0, 1446604391),
(8, 7, 0, 1454137272);

--
-- 插入之前先把表清空（truncate） `admin_role`
--

TRUNCATE TABLE `admin_role`;
--
-- 转存表中的数据 `admin_role`
--

INSERT INTO `admin_role` (`id`, `version`, `name`, `enable`) VALUES
(1, 4, '系统管理员', 1),
(2, 1, '店长', 1),
(3, 1, '总部运营', 1),
(4, 1, '运营账号', 1),
(5, 1, '客服', 1),
(6, 1, 'HR', 1),
(7, 1, '值班账号', 1);

--
-- 插入之前先把表清空（truncate） `admin_role_authority`
--

TRUNCATE TABLE `admin_role_authority`;
--
-- 转存表中的数据 `admin_role_authority`
--

INSERT INTO `admin_role_authority` (`id`, `role_id`, `authority_id`) VALUES
(951, 4, 1),
(952, 4, 2),
(953, 4, 3),
(954, 4, 53),
(955, 4, 19),
(956, 4, 36),
(957, 4, 26),
(958, 4, 27),
(959, 4, 28),
(1262, 6, 1),
(1263, 6, 2),
(1264, 6, 33),
(1265, 6, 50),
(1266, 6, 51),
(2335, 2, 1),
(2336, 2, 2),
(2337, 2, 19),
(2338, 2, 29),
(2339, 2, 31),
(2340, 2, 55),
(2341, 2, 56),
(2342, 2, 70),
(2343, 2, 71),
(2344, 2, 72),
(2345, 2, 73),
(2346, 2, 38),
(2347, 2, 41),
(2348, 2, 42),
(2349, 2, 43),
(2350, 2, 44),
(2351, 2, 46),
(2352, 2, 79),
(2353, 2, 20),
(2354, 2, 49),
(2355, 2, 65),
(2356, 2, 66),
(2357, 2, 67),
(2358, 2, 68),
(2359, 2, 75),
(2421, 5, 1),
(2422, 5, 2),
(2423, 5, 3),
(2424, 5, 53),
(2425, 5, 29),
(2426, 5, 31),
(2427, 5, 70),
(2428, 5, 71),
(2429, 5, 72),
(2430, 5, 73),
(2431, 5, 33),
(2432, 5, 50),
(2433, 5, 51),
(2434, 5, 79),
(2435, 5, 49),
(2436, 7, 1),
(2437, 7, 2),
(2438, 7, 3),
(2439, 7, 53),
(2440, 7, 29),
(2441, 7, 70),
(2442, 7, 71),
(2443, 7, 72),
(2444, 7, 73),
(2445, 7, 33),
(2446, 7, 51),
(2447, 7, 57),
(2448, 7, 60),
(2449, 7, 62),
(2450, 7, 63),
(2451, 7, 64),
(2452, 7, 79),
(2453, 7, 66),
(2454, 7, 67),
(2455, 7, 68),
(2456, 1, 1),
(2457, 1, 2),
(2458, 1, 3),
(2459, 1, 4),
(2460, 1, 7),
(2461, 1, 10),
(2462, 1, 53),
(2463, 1, 15),
(2465, 1, 17),
(2466, 1, 18),
(2467, 1, 19),
(2468, 1, 23),
(2469, 1, 24),
(2470, 1, 25),
(2471, 1, 36),
(2472, 1, 37),
(2473, 1, 76),
(2474, 1, 26),
(2475, 1, 27),
(2476, 1, 28),
(2477, 1, 29),
(2478, 1, 31),
(2479, 1, 55),
(2480, 1, 56),
(2481, 1, 69),
(2482, 1, 70),
(2483, 1, 71),
(2484, 1, 72),
(2485, 1, 73),
(2486, 1, 33),
(2487, 1, 50),
(2488, 1, 51),
(2489, 1, 38),
(2490, 1, 39),
(2491, 1, 40),
(2492, 1, 41),
(2493, 1, 42),
(2494, 1, 43),
(2495, 1, 44),
(2496, 1, 45),
(2497, 1, 46),
(2498, 1, 47),
(2499, 1, 48),
(2500, 1, 57),
(2501, 1, 58),
(2502, 1, 60),
(2503, 1, 62),
(2504, 1, 63),
(2505, 1, 64),
(2506, 1, 79),
(2507, 1, 20),
(2508, 1, 49),
(2509, 1, 65),
(2510, 1, 66),
(2511, 1, 67),
(2512, 1, 68),
(2513, 1, 74),
(2514, 1, 75),
(2515, 1, 80),
(2516, 3, 1),
(2517, 3, 2),
(2518, 3, 3),
(2519, 3, 4),
(2520, 3, 7),
(2521, 3, 10),
(2522, 3, 53),
(2523, 3, 15),
(2525, 3, 17),
(2526, 3, 18),
(2527, 3, 19),
(2528, 3, 23),
(2529, 3, 24),
(2530, 3, 25),
(2531, 3, 36),
(2532, 3, 37),
(2533, 3, 76),
(2534, 3, 26),
(2535, 3, 27),
(2536, 3, 28),
(2537, 3, 77),
(2538, 3, 78),
(2539, 3, 29),
(2540, 3, 31),
(2541, 3, 55),
(2542, 3, 56),
(2543, 3, 69),
(2544, 3, 70),
(2545, 3, 71),
(2546, 3, 72),
(2547, 3, 73),
(2548, 3, 33),
(2549, 3, 50),
(2550, 3, 51),
(2551, 3, 38),
(2552, 3, 39),
(2553, 3, 40),
(2554, 3, 41),
(2555, 3, 42),
(2556, 3, 43),
(2557, 3, 44),
(2558, 3, 45),
(2559, 3, 46),
(2560, 3, 47),
(2561, 3, 48),
(2562, 3, 57),
(2563, 3, 58),
(2564, 3, 60),
(2565, 3, 62),
(2566, 3, 63),
(2567, 3, 64),
(2568, 3, 79),
(2569, 3, 20),
(2570, 3, 49),
(2571, 3, 65),
(2572, 3, 66),
(2573, 3, 67),
(2574, 3, 68),
(2575, 3, 74),
(2576, 3, 75),
(2577, 3, 80);



CREATE TABLE IF NOT EXISTS `dict_degree_type` (
`id` int(11) unsigned NOT NULL COMMENT '主键',
  `name` varchar(20) NOT NULL COMMENT '级别名称/针对助理订单类型的归类',
  `enable` tinyint(1) unsigned NOT NULL DEFAULT '1' COMMENT '是否可用 0=不可用  1=可用',
  `add_time` int(11) unsigned NOT NULL COMMENT '添加时间时间戳',
  `update_time` int(11) unsigned NOT NULL COMMENT '修改时间时间戳'
) ENGINE=InnoDB AUTO_INCREMENT=6 DEFAULT CHARSET=utf8;


ALTER TABLE `dict_degree_type`
 ADD PRIMARY KEY (`id`);

ALTER TABLE `dict_degree_type`
MODIFY `id` int(11) unsigned NOT NULL AUTO_INCREMENT COMMENT '主键',AUTO_INCREMENT=6;


ALTER TABLE `dict_service_types` ADD `subhead_huodong` VARCHAR(60) NOT NULL COMMENT '（微官网）限时活动列表页,副标题2015-11-26 10:24:53' AFTER `tips`;

ALTER TABLE `dict_service_types` ADD `subhead_am` VARCHAR(60) NOT NULL COMMENT '（微官网）助理订单类型列表页，副标题2015-11-26 10:26:38' AFTER `subhead_huodong`;

ALTER TABLE `dict_service_types` ADD `service_relative` VARCHAR(500) NOT NULL COMMENT '（微官网）助理订单类型详情页，服务范围2015-11-26 10:28:40' AFTER `subhead_am`;


ALTER TABLE `dict_service_types` ADD `service_feature` VARCHAR(500) NOT NULL COMMENT '（微官网）助理订单类型详情页，服务特色 2015-11-26 10:30:51' AFTER `service_relative`;


CREATE TABLE IF NOT EXISTS `msg` (
`msg_id` int(11) unsigned NOT NULL COMMENT '主键',
  `title` varchar(64) NOT NULL COMMENT '标题',
  `summary` varchar(225) NOT NULL COMMENT '摘要',
  `content` text NOT NULL COMMENT '详细内容',
  `goto_url` varchar(225) NOT NULL COMMENT '跳转URL',
  `user_type` tinyint(1) NOT NULL COMMENT '用户类型 0 = 用户 1 = 服务人员',
  `send_time` int(11) NOT NULL COMMENT '发送时间  ，如果为0 则立即发送',
  `is_send` tinyint(1) NOT NULL COMMENT '是否发送',
  `is_enable` tinyint(1) NOT NULL COMMENT '是否可用 0 = 不可用 1 = 可用 默认为 1',
  `app_type` varchar(32) NOT NULL COMMENT '应用类型  jhj-am/jhj-u',
  `add_time` int(11) NOT NULL COMMENT '添加时间戳'
) ENGINE=InnoDB AUTO_INCREMENT=1 DEFAULT CHARSET=utf8 COMMENT='消息表';


ALTER TABLE `msg`
 ADD PRIMARY KEY (`msg_id`);


ALTER TABLE `msg`
MODIFY `msg_id` int(11) unsigned NOT NULL AUTO_INCREMENT COMMENT '主键',AUTO_INCREMENT=1;



CREATE TABLE IF NOT EXISTS `msg_readed` (
`id` int(11) unsigned NOT NULL COMMENT '主键',
  `user_type` tinyint(1) NOT NULL COMMENT '用户类型 0 = 用户 1 = 服务人员',
  `user_id` int(11) NOT NULL COMMENT '用户id',
  `msg_id` int(11) NOT NULL COMMENT '消息id',
  `add_time` int(11) NOT NULL COMMENT '添加时间戳'
) ENGINE=InnoDB AUTO_INCREMENT=1 DEFAULT CHARSET=utf8 COMMENT='已读消息表';


ALTER TABLE `msg_readed`
 ADD PRIMARY KEY (`id`);


ALTER TABLE `msg_readed`
MODIFY `id` int(11) unsigned NOT NULL AUTO_INCREMENT COMMENT '主键',AUTO_INCREMENT=1;


ALTER TABLE `orders` ADD `remarks_confirm` VARCHAR(32) NOT NULL COMMENT '与客户确认后信息' AFTER `remarks`;


ALTER TABLE `order_dispatchs` ADD `pick_addr_name` VARCHAR(128) NOT NULL COMMENT '取货地址名称' AFTER `dispatch_status`, ADD `pick_addr_lat` VARCHAR(32) NOT NULL COMMENT '取货地址纬度' AFTER `pick_addr_name`, ADD `pick_addr_lng` VARCHAR(32) NOT NULL COMMENT '取货地址经度' AFTER `pick_addr_lat`, ADD `pick_addr` VARCHAR(128) NOT NULL COMMENT '取货地址门牌号' AFTER `pick_addr_lng`, ADD `pick_distance` MEDIUMINT(8) UNSIGNED NOT NULL COMMENT '服务人员距离取货地址多远' AFTER `pick_addr`, ADD `user_addr_distance` MEDIUMINT(8) UNSIGNED NOT NULL COMMENT '服务人员距离用户地址多远' AFTER `pick_distance`;


CREATE TABLE `org_staff_auth` (
  `id` int(11) UNSIGNED NOT NULL COMMENT '主键',
  `staff_id` int(11) NOT NULL COMMENT '服务人员ID',
  `service_type_id` int(11) NOT NULL COMMENT '服务大类ID 0 = 身份验证',
  `aut_status` tinyint(1) NOT NULL COMMENT '认证状态  0 = 未验证  1 = 验证通过',
  `add_time` int(11) NOT NULL COMMENT '添加时间戳',
  `update_time` int(11) NOT NULL COMMENT '更新时间戳'
) ENGINE=InnoDB DEFAULT CHARSET=utf8 COMMENT='服务人员认证表';

--
-- 转存表中的数据 `org_staff_auth`
--

INSERT INTO `org_staff_auth` (`id`, `staff_id`, `service_type_id`, `aut_status`, `add_time`, `update_time`) VALUES
(1, 30, 0, 1, 1459858634, 1459858634),
(2, 24, 0, 1, 1459858754, 1459858754),
(3, 23, 0, 1, 1459858842, 1459858842),
(4, 12, 0, 1, 1459858909, 1459858909);

--
-- Indexes for dumped tables
--

--
-- Indexes for table `org_staff_auth`
--
ALTER TABLE `org_staff_auth`
  ADD PRIMARY KEY (`id`);

--
-- 在导出的表使用AUTO_INCREMENT
--

--
-- 使用表AUTO_INCREMENT `org_staff_auth`
--
ALTER TABLE `org_staff_auth`
  MODIFY `id` int(11) UNSIGNED NOT NULL AUTO_INCREMENT COMMENT '主键', AUTO_INCREMENT=5;

CREATE TABLE IF NOT EXISTS `org_staff_black` (
`id` int(10) unsigned NOT NULL COMMENT '主键',
  `staff_id` int(11) NOT NULL COMMENT '服务人员ID',
  `mobile` char(11) NOT NULL COMMENT '手机号',
  `black_type` tinyint(1) NOT NULL COMMENT '类型 0 = 系统判断  1 = 人工加入',
  `remarks` varchar(64) NOT NULL COMMENT '加入原因',
  `add_time` int(11) NOT NULL COMMENT '添加时间戳'
) ENGINE=InnoDB DEFAULT CHARSET=utf8 COMMENT='黑名单表';


ALTER TABLE `org_staff_black`
 ADD PRIMARY KEY (`id`);


ALTER TABLE `org_staff_black`
MODIFY `id` int(10) unsigned NOT NULL AUTO_INCREMENT COMMENT '主键';


CREATE TABLE IF NOT EXISTS `org_staff_cash` (
`order_id` int(11) unsigned NOT NULL COMMENT '主键',
  `order_no` varchar(23) NOT NULL COMMENT '申请订单号',
  `staff_id` int(11) NOT NULL COMMENT '服务人员ID',
  `mobile` char(11) NOT NULL COMMENT '服务人员手机号',
  `order_money` decimal(9,2) NOT NULL COMMENT '申请提现金额',
  `order_status` tinyint(1) NOT NULL COMMENT '状态 0 = 申请中  1 = 财务处理中  2 = 申请被驳回 3 = 已打款',
  `account` varchar(32) NOT NULL COMMENT '提现账户',
  `remarks` varchar(128) NOT NULL COMMENT '备注信息',
  `add_time` int(11) NOT NULL COMMENT '添加时间戳',
  `update_time` int(11) NOT NULL COMMENT '更新时间戳'
) ENGINE=InnoDB AUTO_INCREMENT=1 DEFAULT CHARSET=utf8 COMMENT='服务人员提现申请表';

ALTER TABLE `org_staff_cash`
 ADD PRIMARY KEY (`order_id`);

ALTER TABLE `org_staff_cash`
MODIFY `order_id` int(11) unsigned NOT NULL AUTO_INCREMENT COMMENT '主键',AUTO_INCREMENT=1;


CREATE TABLE IF NOT EXISTS `org_staff_detail_dept` (
`id` int(11) unsigned NOT NULL COMMENT '主键',
  `staff_id` int(11) NOT NULL COMMENT '服务人员ID',
  `mobile` char(11) NOT NULL COMMENT '服务人员手机号',
  `order_type` tinyint(1) NOT NULL COMMENT '订单类型  0 = 钟点工订单 1 = 深度保洁订单 2 = 助理订单 3 = 送酒订单 4 = 还款订单 5 = 提现 6 = 补贴 7 = 利息 8= 各项核减 9 = 推荐奖励',
  `order_id` int(11) NOT NULL COMMENT '订单ID',
  `order_no` varchar(32) NOT NULL COMMENT '订单号',
  `order_money` decimal(9,2) NOT NULL COMMENT '订单金额',
  `order_dept` decimal(9,2) NOT NULL COMMENT '欠款金额',
  `order_status_str` varchar(32) NOT NULL COMMENT '订单状态中文描述',
  `remarks` varchar(32) NOT NULL COMMENT '备注  ： 服务费 、配送费、补贴、利息',
  `add_time` int(11) NOT NULL COMMENT '添加时间戳'
) ENGINE=InnoDB AUTO_INCREMENT=1 DEFAULT CHARSET=utf8 COMMENT='服务人员欠款明细表';

CREATE TABLE IF NOT EXISTS `org_staff_detail_pay` (
`id` int(11) unsigned NOT NULL COMMENT '主键',
  `staff_id` int(11) NOT NULL COMMENT '服务人员ID',
  `mobile` char(11) NOT NULL COMMENT '服务人员手机号',
  `order_type` tinyint(1) NOT NULL COMMENT '订单类型  0 = 钟点工订单 1 = 深度保洁订单 2 = 助理订单 3 = 送酒订单 4 = 还款订单 5 = 提现 6 = 补贴 7 = 利息 8= 杂费',
  `order_id` int(11) NOT NULL COMMENT '订单ID',
  `order_no` varchar(32) NOT NULL COMMENT '订单号',
  `order_money` decimal(9,2) NOT NULL COMMENT '订单金额/还款金额/提现金额/补贴金额/利息金额',
  `order_pay` decimal(9,2) NOT NULL COMMENT '订单收入/还款金额/提现金额/补贴金额/利息金额',
  `order_status_str` varchar(32) NOT NULL COMMENT '订单状态中文描述',
  `remarks` varchar(32) NOT NULL COMMENT '备注  ： 服务费 、配送费、补贴、利息',
  `add_time` int(11) NOT NULL COMMENT '添加时间戳'
) ENGINE=InnoDB AUTO_INCREMENT=1 DEFAULT CHARSET=utf8 COMMENT='服务人员财务明细表';

CREATE TABLE IF NOT EXISTS `org_staff_finance` (
`id` int(11) unsigned NOT NULL COMMENT '主键',
  `staff_id` int(11) NOT NULL COMMENT '服务人员ID',
  `mobile` char(11) NOT NULL COMMENT '手机号',
  `total_incoming` decimal(9,2) NOT NULL COMMENT '总收入',
  `total_dept` decimal(9,2) NOT NULL COMMENT '总欠款',
  `total_cash` decimal(9,2) NOT NULL COMMENT '总体现',
  `rest_money` decimal(9,2) NOT NULL COMMENT '剩余金额',
  `add_time` int(11) NOT NULL COMMENT '添加时间戳',
  `update_time` int(11) NOT NULL COMMENT '更新时间戳'
) ENGINE=InnoDB AUTO_INCREMENT=1 DEFAULT CHARSET=utf8 COMMENT='服务人员财务表';

CREATE TABLE IF NOT EXISTS `org_staff_invite` (
`id` int(11) unsigned NOT NULL COMMENT '主键',
  `staff_id` int(11) NOT NULL COMMENT '推荐人ID',
  `invite_mobile` char(21) NOT NULL COMMENT '推荐手机号',
  `invite_staff_id` int(11) NOT NULL COMMENT '推荐手机号注册后的员工ID',
  `invite_order_count` smallint(4) NOT NULL COMMENT '推荐手机号在有效天数内完成的订单数',
  `invite_status` tinyint(1) NOT NULL COMMENT '推荐状态   0 = 未注册 1 = 已注册  2 = 已奖励',
  `add_time` int(11) NOT NULL COMMENT '添加时间戳'
) ENGINE=InnoDB AUTO_INCREMENT=1 DEFAULT CHARSET=utf8 COMMENT='邀请推荐表';

CREATE TABLE IF NOT EXISTS `org_staff_online` (
`id` int(11) unsigned NOT NULL COMMENT '主键',
  `staff_id` int(11) NOT NULL COMMENT '服务人员ID',
  `is_work` tinyint(1) NOT NULL COMMENT '开工标志 0 = 收工 1 = 开工',
  `lat` varchar(32) NOT NULL COMMENT '点击开工或者收工时间点所处的地理位置-纬度',
  `lng` varchar(32) NOT NULL COMMENT '点击开工或者收工时间点所处的地理位置-经度',
  `add_time` int(11) NOT NULL COMMENT '添加时间戳'
) ENGINE=InnoDB AUTO_INCREMENT=1 DEFAULT CHARSET=utf8 COMMENT='服务人员在线情况表';

CREATE TABLE IF NOT EXISTS `org_staff_pay_dept` (
`order_id` int(11) unsigned NOT NULL COMMENT '主键支付欠款订单ID',
  `order_no` varchar(32) NOT NULL COMMENT '支付欠款订单号码',
  `pay_type` tinyint(1) NOT NULL COMMENT '1 = 支付宝支付 2 = 微信支付',
  `staff_id` int(11) NOT NULL COMMENT '服务人员ID',
  `mobile` char(11) NOT NULL COMMENT '服务人员手机号',
  `order_money` decimal(9,2) NOT NULL COMMENT '支付金额',
  `order_status` tinyint(1) NOT NULL COMMENT '0 = 已取消 1 = 支付中 2 = 完成支付 9 = 已关闭',
  `pay_account` varchar(64) NOT NULL COMMENT '支付账户,支付成功后才有值',
  `trade_id` varchar(64) NOT NULL COMMENT '交易ID,支付成功后才有值',
  `trade_status` varchar(64) NOT NULL COMMENT '交易状态，支付成功才有值',
  `add_time` int(11) NOT NULL COMMENT '添加时间戳'
) ENGINE=InnoDB AUTO_INCREMENT=1 DEFAULT CHARSET=utf8 COMMENT='服务人员欠款明细表';


ALTER TABLE `org_staff_detail_dept`
 ADD PRIMARY KEY (`id`);

ALTER TABLE `org_staff_detail_pay`
 ADD PRIMARY KEY (`id`);

ALTER TABLE `org_staff_finance`
 ADD PRIMARY KEY (`id`);

ALTER TABLE `org_staff_invite`
 ADD PRIMARY KEY (`id`);

ALTER TABLE `org_staff_online`
 ADD PRIMARY KEY (`id`);

ALTER TABLE `org_staff_pay_dept`
 ADD PRIMARY KEY (`order_id`);


ALTER TABLE `org_staff_detail_dept`
MODIFY `id` int(11) unsigned NOT NULL AUTO_INCREMENT COMMENT '主键',AUTO_INCREMENT=1;
ALTER TABLE `org_staff_detail_pay`
MODIFY `id` int(11) unsigned NOT NULL AUTO_INCREMENT COMMENT '主键',AUTO_INCREMENT=1;
ALTER TABLE `org_staff_finance`
MODIFY `id` int(11) unsigned NOT NULL AUTO_INCREMENT COMMENT '主键',AUTO_INCREMENT=1;
ALTER TABLE `org_staff_invite`
MODIFY `id` int(11) unsigned NOT NULL AUTO_INCREMENT COMMENT '主键',AUTO_INCREMENT=1;
ALTER TABLE `org_staff_online`
MODIFY `id` int(11) unsigned NOT NULL AUTO_INCREMENT COMMENT '主键',AUTO_INCREMENT=1;
ALTER TABLE `org_staff_pay_dept`
MODIFY `order_id` int(11) unsigned NOT NULL AUTO_INCREMENT COMMENT '主键支付欠款订单ID',AUTO_INCREMENT=1;


CREATE TABLE IF NOT EXISTS `study_bank` (
`bank_id` int(11) unsigned NOT NULL COMMENT '主键',
  `service_type_id` int(11) unsigned NOT NULL COMMENT 'partner_service_type表的 service_type_id',
  `name` varchar(32) NOT NULL COMMENT '题库名称',
  `total_need` smallint(4) unsigned NOT NULL COMMENT '需答对题数',
  `description` varchar(128) DEFAULT NULL COMMENT '题库描述',
  `add_time` int(11) unsigned NOT NULL COMMENT '添加时间戳',
  `random_q_num` smallint(4) unsigned NOT NULL COMMENT '考试时从该题库随机取的题目的数量'
) ENGINE=InnoDB AUTO_INCREMENT=14 DEFAULT CHARSET=utf8;

INSERT INTO `study_bank` (`bank_id`, `service_type_id`, `name`, `total_need`, `description`, `add_time`, `random_q_num`) VALUES
(8, 12, '钟点工题库', 10, '', 1453356310, 11),
(10, 14, '助理题库', 1, '', 1453357793, 2),
(11, 15, '快送题库', 2, '', 1453357863, 2),
(12, 15, '快送题库2', 1, '1111', 1453707139, 2),
(13, 14, '助理题库2', 1, '232', 1453707152, 2);

CREATE TABLE IF NOT EXISTS `study_learning` (
`id` int(11) unsigned NOT NULL COMMENT '主键',
  `service_type_id` int(11) unsigned NOT NULL COMMENT 'partner_service_type表 service_type_id',
  `content` text COMMENT '学习内容',
  `add_time` int(11) NOT NULL COMMENT '添加时间戳'
) ENGINE=InnoDB AUTO_INCREMENT=8 DEFAULT CHARSET=utf8;

INSERT INTO `study_learning` (`id`, `service_type_id`, `content`, `add_time`) VALUES
(4, 12, '<p>\r\n	（1）我是钟点工的服务说明\r\n</p>\r\n<p>\r\n	（2）第2行\r\n</p>', 1453350578),
(5, 13, '我是深度保洁的说明', 1453350688),
(6, 14, '我是助理的学习资料说明', 1453350840),
(7, 15, '<p>\r\n	我是快送的培训学习资料说明\r\n</p>\r\n<p>\r\n	马上答题，很快就能接单赚钱啦~！\r\n</p>', 1453350863);

CREATE TABLE IF NOT EXISTS `study_question` (
`q_id` int(11) unsigned NOT NULL COMMENT '题目 id',
  `bank_id` int(11) unsigned NOT NULL COMMENT '题库ID',
  `service_type_id` int(11) unsigned NOT NULL COMMENT '服务类别ID',
  `title` varchar(128) NOT NULL COMMENT '题干',
  `description` varchar(128) NOT NULL COMMENT '题目备注',
  `is_multi` tinyint(1) unsigned NOT NULL DEFAULT '0' COMMENT '是否多选 0 = 单选 1 = 多选',
  `is_need` tinyint(1) unsigned NOT NULL DEFAULT '0' COMMENT '是否必考 0 = 否 1 = 是',
  `answer` varchar(32) NOT NULL COMMENT '答案',
  `add_time` int(11) NOT NULL COMMENT '添加时间戳'
) ENGINE=InnoDB AUTO_INCREMENT=25 DEFAULT CHARSET=utf8;

INSERT INTO `study_question` (`q_id`, `bank_id`, `service_type_id`, `title`, `description`, `is_multi`, `is_need`, `answer`, `add_time`) VALUES
(5, 10, 14, '助理题库就这一道题', '', 0, 1, 'D', 1453357845),
(6, 11, 15, '快送题1', '', 0, 1, 'B', 1453357899),
(7, 11, 15, '快送题2（就这2题）', '', 0, 1, 'D', 1453357937),
(11, 8, 12, '以下哪种问好方式是错误的', '单选', 0, 1, 'D', 1453466926),
(12, 8, 12, '以下哪种礼貌用语是错误的', '单选', 0, 1, 'D', 1453466993),
(13, 8, 12, '接电话的礼貌用语是', '单选', 0, 1, 'C', 1453467059),
(14, 8, 12, '进门的礼仪中错误的是', '单选', 0, 1, 'D', 1453469243),
(15, 8, 12, '五色抹布使用错误的是', '单选', 0, 0, 'E', 1453529507),
(16, 8, 12, '打扫卫生的顺序', '单选', 0, 1, 'D', 1453529656),
(17, 8, 12, '下面不在工作中四轻原则的是', '', 0, 1, 'A', 1453529710),
(18, 8, 12, '正确的厨房保洁顺序是', '', 0, 1, 'B', 1453529772),
(19, 8, 12, '正确的卫生间保洁顺序是', '', 0, 1, 'B', 1453529824),
(20, 8, 12, '正确的居室保洁顺序是', '', 0, 1, 'A', 1453530266),
(21, 10, 14, '错误的洗衣服的顺序是', '', 0, 1, 'D', 1453530315),
(22, 8, 12, '五色布的作用', '单选', 0, 0, 'C', 1453542017),
(23, 12, 15, '快送题库2题目一', '', 0, 0, 'A', 1453707195),
(24, 13, 14, '助理题库2题目', '', 0, 0, 'C', 1453707226);

CREATE TABLE IF NOT EXISTS `study_question_option` (
`id` int(11) unsigned NOT NULL COMMENT '主键',
  `q_id` int(11) unsigned NOT NULL COMMENT '题目Id',
  `bank_id` int(11) unsigned NOT NULL COMMENT '题库id',
  `service_type_id` int(11) unsigned NOT NULL COMMENT '服务类别ID',
  `no` varchar(10) NOT NULL COMMENT '序号 枚举 ＡＢＣ',
  `title` varchar(128) NOT NULL COMMENT '选项描述'
) ENGINE=InnoDB AUTO_INCREMENT=99 DEFAULT CHARSET=utf8;

INSERT INTO `study_question_option` (`id`, `q_id`, `bank_id`, `service_type_id`, `no`, `title`) VALUES
(21, 6, 11, 15, 'D', '快送题1D'),
(22, 6, 11, 15, 'A', '快送题1A'),
(23, 6, 11, 15, 'B', '快送题1B(正确答案)'),
(24, 6, 11, 15, 'C', '快送题1C'),
(25, 7, 11, 15, 'D', '快送题2D(正确答案)'),
(26, 7, 11, 15, 'A', '快送题2A'),
(27, 7, 11, 15, 'B', '快送题2B'),
(28, 7, 11, 15, 'C', '快送题2C'),
(37, 11, 8, 12, 'D', '热情拥抱'),
(38, 11, 8, 12, 'A', '您好'),
(39, 11, 8, 12, 'B', '早上/下午好'),
(40, 11, 8, 12, 'C', '点头微笑'),
(41, 12, 8, 12, 'D', '走你'),
(42, 12, 8, 12, 'A', '对不起'),
(43, 12, 8, 12, 'B', '再见'),
(44, 12, 8, 12, 'C', '没关系'),
(45, 13, 8, 12, 'D', '你找谁'),
(46, 13, 8, 12, 'A', '喂'),
(47, 13, 8, 12, 'B', '唉'),
(48, 13, 8, 12, 'C', '您好'),
(49, 14, 8, 12, 'D', '换工装'),
(50, 14, 8, 12, 'A', '摇铃铛'),
(51, 14, 8, 12, 'B', '自我介绍'),
(52, 14, 8, 12, 'C', '换拖鞋/鞋套'),
(53, 15, 8, 12, 'D', '紫色（厨房下）'),
(54, 15, 8, 12, 'E', '棕色（厕所上）'),
(55, 15, 8, 12, 'A', '绿色（客厅卧室的上面）'),
(56, 15, 8, 12, 'B', '蓝色（客厅卧室的下面）'),
(57, 15, 8, 12, 'C', '玫红色（厨房上）'),
(58, 5, 0, 0, 'D', '助理题D(正确答案)'),
(59, 5, 0, 0, 'A', '助理题A'),
(60, 5, 0, 0, 'B', '助理题B'),
(61, 5, 0, 0, 'C', '助理题C'),
(62, 16, 8, 12, 'D', '从左到右'),
(63, 16, 8, 12, 'A', '从里到外'),
(64, 16, 8, 12, 'B', '从上到下'),
(65, 16, 8, 12, 'C', '从易到难'),
(66, 17, 8, 12, 'D', '关门轻'),
(67, 17, 8, 12, 'E', '说话轻'),
(68, 17, 8, 12, 'A', '用力轻'),
(69, 17, 8, 12, 'B', '走路轻'),
(70, 17, 8, 12, 'C', '操作轻'),
(71, 18, 8, 12, 'D', '抽油烟机和排风扇--厨房窗户与灯具--灶具—橱柜--墙壁—餐饮用具—厨具—洗涤池—地面'),
(72, 18, 8, 12, 'A', '抽油烟机和排风扇--厨房窗户与灯具--墙壁--灶具—橱柜—餐饮用具—厨具—洗涤池—地面'),
(73, 18, 8, 12, 'B', '抽油烟机和排风扇--厨房窗户与灯具--灶具—墙壁—橱柜—餐饮用具—厨具—洗涤池—地面'),
(74, 18, 8, 12, 'C', '抽油烟机和排风扇--厨房窗户与灯具--橱柜--灶具—墙壁—餐饮用具—厨具—洗涤池—地面'),
(75, 19, 8, 12, 'D', '洗脸盆—卫生间的墙面—浴缸（或淋浴间）--座便器或者蹲便器—地面'),
(76, 19, 8, 12, 'A', '洗脸盆—浴缸（或淋浴间）--座便器或者蹲便器—卫生间的墙面—地面'),
(77, 19, 8, 12, 'B', '卫生间的墙面—洗脸盆—浴缸（或淋浴间）--座便器或者蹲便器—地面'),
(78, 19, 8, 12, 'C', '浴缸（或淋浴间）--卫生间的墙面—洗脸盆—座便器或者蹲便器—地面'),
(79, 20, 8, 12, 'D', '墙壁与天花板—家具及用品—门窗—地面'),
(80, 20, 8, 12, 'A', '墙壁与天花板—门窗—家具及用品—地面'),
(81, 20, 8, 12, 'B', '门窗—墙壁与天花板—家具及用品—地面'),
(82, 20, 8, 12, 'C', '家具及用品—墙壁与天花板—门窗—地面'),
(83, 21, 10, 14, 'D', '先洗便宜的衣物 再洗贵重的衣物'),
(84, 21, 10, 14, 'A', '先洗浅色衣物 再洗深色衣物'),
(85, 21, 10, 14, 'B', '先洗牢固度强的衣物 再洗牢固度弱'),
(86, 21, 10, 14, 'C', '先洗新衣物 再洗旧衣物'),
(90, 23, 12, 15, 'A', '选项A(√)'),
(91, 23, 12, 15, 'B', '选项B'),
(92, 23, 12, 15, 'C', '选项C'),
(93, 24, 13, 14, 'A', '选项A'),
(94, 24, 13, 14, 'B', '选项B'),
(95, 24, 13, 14, 'C', '选项C(√)'),
(96, 22, 0, 0, 'A', '黄色，谢谢谢谢'),
(97, 22, 0, 0, 'B', '白色。谢谢谢谢'),
(98, 22, 0, 0, 'C', '对对对');

CREATE TABLE IF NOT EXISTS `study_staff_pass` (
`id` int(11) unsigned NOT NULL COMMENT '主键',
  `staff_id` int(11) NOT NULL COMMENT '服务人员ID',
  `service_type_id` int(11) NOT NULL COMMENT '服务大类ID',
  `bank_id` int(11) NOT NULL COMMENT '题库ID',
  `total_need` smallint(4) NOT NULL COMMENT '需要答对的题目书',
  `total_right` smallint(4) NOT NULL COMMENT '答对的题目数',
  `add_time` int(11) NOT NULL COMMENT '添加时间戳',
  `update_time` int(11) NOT NULL COMMENT '更新时间戳'
) ENGINE=InnoDB AUTO_INCREMENT=1 DEFAULT CHARSET=utf8 COMMENT='服务人员考试通过表';



CREATE TABLE IF NOT EXISTS `study_staff_test` (
`id` int(11) unsigned NOT NULL COMMENT '主键',
  `staff_id` int(11) NOT NULL COMMENT '员工ID',
  `bank_id` int(11) NOT NULL COMMENT '题库ID',
  `q_id` int(11) NOT NULL COMMENT '题目ID',
  `test_answer` varchar(32) NOT NULL COMMENT '考试选择',
  `is_right` tinyint(1) NOT NULL COMMENT '是否正确',
  `add_time` int(11) NOT NULL COMMENT '添加时间戳'
) ENGINE=InnoDB AUTO_INCREMENT=1 DEFAULT CHARSET=utf8 COMMENT='服务人员考试记录表';




ALTER TABLE `study_bank`
 ADD PRIMARY KEY (`bank_id`);

ALTER TABLE `study_learning`
 ADD PRIMARY KEY (`id`);

ALTER TABLE `study_question`
 ADD PRIMARY KEY (`q_id`);

ALTER TABLE `study_question_option`
 ADD PRIMARY KEY (`id`);

ALTER TABLE `study_staff_pass`
 ADD PRIMARY KEY (`id`);

ALTER TABLE `study_staff_test`
 ADD PRIMARY KEY (`id`);


ALTER TABLE `study_bank`
MODIFY `bank_id` int(11) unsigned NOT NULL AUTO_INCREMENT COMMENT '主键',AUTO_INCREMENT=14;
ALTER TABLE `study_learning`
MODIFY `id` int(11) unsigned NOT NULL AUTO_INCREMENT COMMENT '主键',AUTO_INCREMENT=8;
ALTER TABLE `study_question`
MODIFY `q_id` int(11) unsigned NOT NULL AUTO_INCREMENT COMMENT '题目 id',AUTO_INCREMENT=25;
ALTER TABLE `study_question_option`
MODIFY `id` int(11) unsigned NOT NULL AUTO_INCREMENT COMMENT '主键',AUTO_INCREMENT=99;
ALTER TABLE `study_staff_pass`
MODIFY `id` int(11) unsigned NOT NULL AUTO_INCREMENT COMMENT '主键',AUTO_INCREMENT=1;
ALTER TABLE `study_staff_test`
MODIFY `id` int(11) unsigned NOT NULL AUTO_INCREMENT COMMENT '主键',AUTO_INCREMENT=1;

CREATE TABLE IF NOT EXISTS `user_push_bind` (
`id` int(11) unsigned NOT NULL COMMENT '主键',
  `user_id` int(11) NOT NULL COMMENT '用户ID',
  `user_type` tinyint(1) NOT NULL COMMENT '用户类型 0 = 用户 1 = 服务人员',
  `device_type` varchar(23) NOT NULL COMMENT '设备类型  android/ios',
  `client_id` varchar(64) NOT NULL COMMENT '设备号',
  `add_time` int(11) NOT NULL COMMENT '添加时间戳'
) ENGINE=InnoDB AUTO_INCREMENT=1 DEFAULT CHARSET=utf8 COMMENT='用户推送设备信息表';


ALTER TABLE `user_push_bind`
 ADD PRIMARY KEY (`id`);

ALTER TABLE `user_push_bind`
MODIFY `id` int(11) unsigned NOT NULL AUTO_INCREMENT COMMENT '主键',AUTO_INCREMENT=1;


CREATE TABLE IF NOT EXISTS `user_trail_history` (
`id` int(11) unsigned NOT NULL COMMENT '主键',
  `user_id` int(11) NOT NULL COMMENT '用户ID',
  `user_type` tinyint(1) NOT NULL COMMENT '用户类型 0 = 用户 1 = 服务人员',
  `lat` varchar(64) NOT NULL COMMENT '纬度',
  `lng` varchar(64) NOT NULL COMMENT '经度',
  `poi_name` varchar(128) NOT NULL COMMENT '地理位置名称',
  `add_time` int(11) NOT NULL COMMENT '添加时间戳'
) ENGINE=InnoDB AUTO_INCREMENT=1 DEFAULT CHARSET=utf8 COMMENT=' 用户地理位置历史表';

CREATE TABLE IF NOT EXISTS `user_trail_real` (
`id` int(11) unsigned NOT NULL COMMENT '主键',
  `user_id` int(11) NOT NULL COMMENT '用户ID',
  `user_type` tinyint(1) NOT NULL COMMENT '用户类型 0 = 用户 1 = 服务人员',
  `lat` varchar(64) NOT NULL COMMENT '纬度',
  `lng` varchar(64) NOT NULL COMMENT '经度',
  `poi_name` varchar(128) NOT NULL COMMENT '地理位置名称',
  `add_time` int(11) NOT NULL COMMENT '最新一次的时间戳'
) ENGINE=InnoDB AUTO_INCREMENT=1 DEFAULT CHARSET=utf8 COMMENT='用户实时地理位置信息表';


ALTER TABLE `user_trail_history`
 ADD PRIMARY KEY (`id`);

ALTER TABLE `user_trail_real`
 ADD PRIMARY KEY (`id`);


ALTER TABLE `user_trail_history`
MODIFY `id` int(11) unsigned NOT NULL AUTO_INCREMENT COMMENT '主键',AUTO_INCREMENT=1;
ALTER TABLE `user_trail_real`
MODIFY `id` int(11) unsigned NOT NULL AUTO_INCREMENT COMMENT '主键',AUTO_INCREMENT=1;


ALTER TABLE `dict_service_types` ADD `degree_type` TINYINT(1) UNSIGNED NOT NULL DEFAULT '0' COMMENT '微官网）在助理订单类型列表页,分不同层级展示' , ADD `to_date` INT(11) UNSIGNED NOT NULL DEFAULT '0' COMMENT '（微官网）该类型的 上架截止日期';


CREATE TABLE `partner_service_type` (
  `service_type_id` int(11) UNSIGNED NOT NULL COMMENT '服务类别表',
  `name` varchar(32) NOT NULL COMMENT '服务名称',
  `parent_id` int(11) UNSIGNED NOT NULL COMMENT '父级ID',
  `unit` varchar(16) NOT NULL COMMENT '单位',
  `default_num` smallint(4) NOT NULL COMMENT '默认',
  `price` decimal(9,2) UNSIGNED NOT NULL COMMENT '单价',
  `remarks` varchar(255) NOT NULL COMMENT '备注',
  `view_type` tinyint(1) UNSIGNED NOT NULL DEFAULT '0' COMMENT '0=类别 1=商品',
  `no` tinyint(1) UNSIGNED NOT NULL COMMENT '列表排序',
  `service_img_url` varchar(255) NOT NULL COMMENT '微网站服务的图标图片',
  `enable` tinyint(1) UNSIGNED NOT NULL DEFAULT '1' COMMENT '服务是否可用',
  `service_property` tinyint(1) UNSIGNED NOT NULL DEFAULT '0' COMMENT '服务性质 0 = 单品(如跑腿、做饭) 1= 全年定制(全年定制)',
  `service_times` double(6,2) UNSIGNED NOT NULL COMMENT '每周服务次数',
  `service_content` varchar(255) NOT NULL COMMENT '服务内容'
) ENGINE=InnoDB DEFAULT CHARSET=utf8;

--
-- 转存表中的数据 `partner_service_type`
--

INSERT INTO `partner_service_type` (`service_type_id`, `name`, `parent_id`, `unit`, `default_num`, `price`, `remarks`, `view_type`, `no`, `service_img_url`, `enable`, `service_property`, `service_times`, `service_content`) VALUES
(23, '金牌保洁', 0, '1', 1, '12.00', '', 1, 0, '', 1, 0, 0.00, ''),
(24, '厨娘烧饭', 0, '1', 1, '10.00', '', 1, 0, '', 1, 0, 0.00, ''),
(25, '贴心家事', 0, '1', 1, '1.00', '', 1, 0, '', 1, 0, 0.00, ''),
(26, '深度养护', 0, '1', 1, '10.00', '', 1, 0, '', 1, 0, 0.00, ''),
(27, '企业服务', 0, '1', 1, '10.00', '', 1, 1, 'http://img.jia-he-jia.com:8080/b1f60d3c3fe9d27f4128e86e1981d29b', 1, 0, 0.00, ''),
(28, '初体验', 23, '元/次', 1, '149.00', '初次体验金牌保洁', 1, 123, 'http://img.jia-he-jia.com:8080/42c9787725bafd9d79db1162f248629d', 1, 0, 0.00, ''),
(29, '初体验', 24, '元/2小时', 1, '66.00', '一次超值的解馋体验', 1, 0, 'http://img.jia-he-jia.com:8080/42c9787725bafd9d79db1162f248629d', 1, 0, 0.00, '南方菜/北方菜（可代买食材）'),
(30, '安心托管', 25, '1', 1, '10.00', '价格请详询客服人员', 1, 0, 'http://img.jia-he-jia.com:8080/d45ae0cc2c6b6f7e8aff514c0eaba1a1', 1, 0, 0.00, '提供照顾老人、洗衣熨烫、接送孩子、婴幼儿看护、宠物代管代养、筹备宴请、房屋托管服务'),
(31, '跑腿代办', 25, '1', 1, '10.00', '价格请详询客服人员', 1, 0, 'http://img.jia-he-jia.com:8080/bbfabfc7cd295ad77b31be296e39cef7', 1, 0, 0.00, '提供代采购、跑腿、车辆过户年检车险、代缴交通违章、接送亲友、企业代缴社保公积金服务'),
(32, '陪伴', 25, '1', 0, '10.00', '价格请详询客服人员', 1, 0, 'http://img.jia-he-jia.com:8080/ec2d3e10b6f0129429e8c2fc14506401', 1, 0, 0.00, '提供陪运动、陪同就医、陪同购物、陪聊服务'),
(33, '便民服务', 25, '1', 0, '10.00', '价格请详询客服人员', 1, 0, 'http://img.jia-he-jia.com:8080/c5134155c59406bc95f96921aa8737df', 1, 0, 0.00, '提供每日提醒、生活信息查询、智能手机使用普及、家庭简单维修、浇花、出租车代订、网上医院挂号、代缴水、电、煤气等费用、市内各大餐厅线上预定、代订报刊杂志、代收邮件包裹、代订牛奶、饮用水、讲座、沙龙、车、船、机票、酒店预订'),
(34, '床铺除螨杀菌', 26, '元/次', 1, '360.00', '', 1, 0, 'http://img.jia-he-jia.com:8080/8316de14c116886e09b61ee89b4ffd2c', 1, 0, 0.00, ''),
(35, '厨房高温消毒杀菌', 26, '元/次', 1, '690.00', '说明', 1, 0, 'http://img.jia-he-jia.com:8080/b519ae6995c8a93c8e534688000f0b2f', 1, 0, 0.00, ''),
(36, '油烟机清洗', 26, '元/次', 1, '120.00', '', 1, 0, 'http://img.jia-he-jia.com:8080/252193c1e05883779d4f401b07b93734', 1, 0, 0.00, ''),
(37, '中小企业保洁', 27, '元/次', 1, '149.00', '', 1, 0, 'http://img.jia-he-jia.com:8080/4322f807d8156f2e672e1f55900986ce', 1, 0, 0.00, ''),
(38, '中小企业做饭', 27, '次', 1, '99.00', '', 1, 0, 'http://img.jia-he-jia.com:8080/25f1c008449d594225d04371c95a71c5', 1, 0, 0.00, ''),
(41, '简朴生活', 23, '元/月', 0, '3874.00', '全年2周1次金牌保洁', 1, 0, 'http://img.jia-he-jia.com:8080/804a818e169ecc81555859baba103074', 1, 1, 0.50, '客厅、卧室、厨房、餐厅、卫生间、阳台六大区域\r\n除尘、除污、去油、拖洗、物品整理+擦拭+摆放等78项服务'),
(42, '舒适生活', 23, '次', 0, '7748.00', '', 0, 0, 'http://img.jia-he-jia.com:8080/150e5d2e56839f652aa480561c8557a1', 1, 1, 1.00, '客厅、卧室、厨房、餐厅、卫生间、阳台六大区域\r\n除尘、除污、去油、拖洗、物品整理+擦拭+摆放等78项服务'),
(43, '怡然生活', 23, '次', 0, '15496.00', '', 0, 0, 'http://img.jia-he-jia.com:8080/c891853e76f084be96b7946d6f267073', 1, 1, 2.00, '客厅、卧室、厨房、餐厅、卫生间、阳台六大区域\r\n除尘、除污、去油、拖洗、物品整理+擦拭+摆放等78项服务'),
(44, '祥和生活', 23, '次', 0, '23244.00', '', 0, 0, 'http://img.jia-he-jia.com:8080/7dfa2026848328ee7f796e0a7666c9ee', 1, 1, 3.00, '客厅、卧室、厨房、餐厅、卫生间、阳台六大区域\r\n除尘、除污、去油、拖洗、物品整理+擦拭+摆放等78项服务'),
(45, '品质生活', 23, '次', 0, '38740.00', '', 0, 0, 'http://img.jia-he-jia.com:8080/73f98a169e40028ddfbb32e50c9a213e', 1, 1, 5.00, '客厅、卧室、厨房、餐厅、卫生间、阳台六大区域\r\n除尘、除污、去油、拖洗、物品整理+擦拭+摆放等78项服务'),
(46, '巧厨娘', 24, '次', 0, '25740.00', '', 0, 0, 'http://img.jia-he-jia.com:8080/62b4f4c7dc7c62c8aedb26848d340cf8', 1, 1, 5.00, '南方菜/北方菜（可代买食材）'),
(47, '俏厨娘', 24, '次', 0, '30888.00', '', 0, 0, 'http://img.jia-he-jia.com:8080/7fe45ebcc1e4efd290c2d16e477cf2a1', 1, 1, 6.00, '南方菜/北方菜（可代买食材）'),
(48, '贤厨娘', 24, '次', 0, '51488.00', '', 0, 0, 'http://img.jia-he-jia.com:8080/132175a0d964b0bddec56f6941cf88ed', 1, 1, 10.00, '南方菜/北方菜（可代买食材）'),
(49, '孝厨娘', 24, '次', 0, '61776.00', '', 0, 0, 'http://img.jia-he-jia.com:8080/8c75a4588ea268327029febdbdb2f058', 1, 1, 12.00, '南方菜/北方菜（可代买食材）'),
(50, '冰箱洗衣机清洗', 26, '元/次', 0, '200.00', '', 0, 0, 'http://img.jia-he-jia.com:8080/b7e1809aca64b68b7e2233afb57c6bd0', 1, 0, 0.00, ''),
(51, '空调清洗', 26, '元/次', 0, '100.00', '', 0, 0, 'http://img.jia-he-jia.com:8080/80039b16969c5f578169a8de7d822169', 1, 0, 0.00, ''),
(52, '地板家具养护', 26, '元/次', 0, '750.00', '', 0, 0, 'http://img.jia-he-jia.com:8080/e090cee2fa450cae031f52a409e2b045', 1, 0, 0.00, ''),
(53, '皮具护理', 26, '元/次', 0, '60.00', '', 0, 0, 'http://img.jia-he-jia.com:8080/a46db0f57fda56b7cfea0d0bda873aa5', 1, 0, 0.00, ''),
(54, '擦玻璃', 26, '元/次', 0, '120.00', '', 0, 0, 'http://img.jia-he-jia.com:8080/aa2a2601fd225bc6ad581079352ea599', 1, 0, 0.00, ''),
(55, '整理衣橱(含室内整理)', 26, '元/次', 0, '260.00', '', 0, 0, 'http://img.jia-he-jia.com:8080/b7fd6b59049f58c749d08807bda2138a', 1, 0, 0.00, '');

--
-- Indexes for dumped tables
--

--
-- Indexes for table `partner_service_type`
--
ALTER TABLE `partner_service_type`
  ADD PRIMARY KEY (`service_type_id`);

--
-- 在导出的表使用AUTO_INCREMENT
--

--
-- 使用表AUTO_INCREMENT `partner_service_type`
--
ALTER TABLE `partner_service_type`
  MODIFY `service_type_id` int(11) UNSIGNED NOT NULL AUTO_INCREMENT COMMENT '服务类别表', AUTO_INCREMENT=56;


DROP TABLE IF EXISTS `orgs`;
CREATE TABLE `orgs` (
  `org_id` int(11) UNSIGNED NOT NULL COMMENT '门店ID',
  `org_name` varchar(64) NOT NULL COMMENT '门店名称',
  `org_addr` varchar(64) NOT NULL COMMENT '门牌号',
  `org_tel` varchar(32) NOT NULL COMMENT '门店电话',
  `org_owner` varchar(32) NOT NULL COMMENT '店长',
  `org_owner_tel` varchar(32) NOT NULL COMMENT '店长电话',
  `poi_latitude` varchar(64) NOT NULL COMMENT '纬度',
  `poi_longitude` varchar(64) NOT NULL COMMENT '经度',
  `poi_type` tinyint(1) UNSIGNED NOT NULL COMMENT '地理位置poi类型 0 = 普通点 1 = 公交站 2 = 公交路线 3 = 地铁站 4 = 地铁线路',
  `poi_name` varchar(128) NOT NULL COMMENT '地理位置名称',
  `poi_address` varchar(128) NOT NULL COMMENT '地理位置详细地址',
  `poi_city` varchar(32) NOT NULL COMMENT '城市',
  `poi_uid` varchar(64) NOT NULL COMMENT '地理位置唯一标识',
  `poi_phone` varchar(32) NOT NULL COMMENT '地址位置电话标注',
  `poi_post_code` varchar(16) NOT NULL COMMENT '地址位置邮编',
  `org_status` tinyint(1) NOT NULL DEFAULT '1' COMMENT '门店状态  0 = 不可用 1 = 服务中',
  `add_time` int(11) UNSIGNED NOT NULL DEFAULT '0' COMMENT '添加时间戳',
  `update_time` int(11) UNSIGNED NOT NULL DEFAULT '0' COMMENT '修改时间戳'
) ENGINE=InnoDB DEFAULT CHARSET=utf8 COMMENT='门店表';

--
-- 转存表中的数据 `orgs`
--

INSERT INTO `orgs` (`org_id`, `org_name`, `org_addr`, `org_tel`, `org_owner`, `org_owner_tel`, `poi_latitude`, `poi_longitude`, `poi_type`, `poi_name`, `poi_address`, `poi_city`, `poi_uid`, `poi_phone`, `poi_post_code`, `org_status`, `add_time`, `update_time`) VALUES
(1, '双井', '1单元205', '57135749', '毕晓曼', '15811223900', '39.895907', '116.473387', 0, '', '朝阳区武圣北路', '北京市', '28468373-a936-4568-bbc4-4e329081a228', '', '', 1, 1441618766, 0);

--
-- Indexes for dumped tables
--

--
-- Indexes for table `orgs`
--
ALTER TABLE `orgs`
  ADD PRIMARY KEY (`org_id`);

--
-- 在导出的表使用AUTO_INCREMENT
--

--
-- 使用表AUTO_INCREMENT `orgs`
--
ALTER TABLE `orgs`
  MODIFY `org_id` int(11) UNSIGNED NOT NULL AUTO_INCREMENT COMMENT '门店ID', AUTO_INCREMENT=2;


DROP TABLE IF EXISTS `org_staffs`;
CREATE TABLE `org_staffs` (
  `staff_id` int(11) UNSIGNED NOT NULL COMMENT '主键',
  `am_id` int(11) UNSIGNED NOT NULL DEFAULT '0' COMMENT '助理ID, 默认为0， 阿姨跟助理绑定',
  `province_id` int(11) NOT NULL DEFAULT '0' COMMENT '户口所在地',
  `city_id` int(11) UNSIGNED NOT NULL DEFAULT '0' COMMENT '城市',
  `region_id` int(11) UNSIGNED NOT NULL DEFAULT '0' COMMENT '区县id  默认为 0',
  `org_id` int(11) UNSIGNED NOT NULL DEFAULT '0' COMMENT '门店ID, 默认为 0',
  `parent_org_id` int(11) UNSIGNED NOT NULL DEFAULT '0' COMMENT '对应地区门店ID',
  `staff_type` tinyint(1) UNSIGNED NOT NULL DEFAULT '0' COMMENT '员工级别 0 = 服务人员 1 = 助理， 默认为0',
  `level` tinyint(1) UNSIGNED NOT NULL DEFAULT '0' COMMENT '员工等级 1 = 一级  2 = 二级  3 = 三级  4 = 四级',
  `status` tinyint(1) UNSIGNED NOT NULL DEFAULT '1' COMMENT '员工状态  0 = 不可用  1 = 可用',
  `sex` tinyint(1) UNSIGNED NOT NULL DEFAULT '0' COMMENT '性别  0 = 男  1 = 女',
  `name` varchar(32) NOT NULL COMMENT '姓名',
  `mobile` char(11) NOT NULL COMMENT '手机号',
  `tel` varchar(32) NOT NULL COMMENT '座机',
  `addr` varchar(128) NOT NULL COMMENT '地址',
  `birth` date NOT NULL COMMENT '出生年月',
  `work_year` tinyint(1) UNSIGNED NOT NULL DEFAULT '0' COMMENT '工作年限',
  `card_id` varchar(32) NOT NULL COMMENT '身份证号',
  `nation` varchar(32) NOT NULL COMMENT '民族',
  `edu` varchar(32) NOT NULL COMMENT '学历',
  `astro` tinyint(1) UNSIGNED NOT NULL DEFAULT '0' COMMENT '星座',
  `blood_type` varchar(10) NOT NULL COMMENT '血型',
  `head_img` varchar(1024) NOT NULL COMMENT '头像',
  `intro` varchar(255) NOT NULL COMMENT '自我介绍',
  `add_time` int(11) UNSIGNED NOT NULL DEFAULT '0' COMMENT '添加时间戳',
  `update_time` int(11) UNSIGNED NOT NULL DEFAULT '0' COMMENT '更新时间戳'
) ENGINE=InnoDB DEFAULT CHARSET=utf8 COMMENT='员工表';

--
-- 转存表中的数据 `org_staffs`
--

INSERT INTO `org_staffs` (`staff_id`, `am_id`, `province_id`, `city_id`, `region_id`, `org_id`, `parent_org_id`, `staff_type`, `level`, `status`, `sex`, `name`, `mobile`, `tel`, `addr`, `birth`, `work_year`, `card_id`, `nation`, `edu`, `astro`, `blood_type`, `head_img`, `intro`, `add_time`, `update_time`) VALUES
(1, 0, 12, 110, 0, 1, 0, 1, 0, 1, 1, '李莉', '17710623062', '', '', '1993-08-20', 0, '342222199308206487', '0', '3', 7, '', 'http://www.jia-he-jia.com/u/img/default-head-img.png', '善良勤奋，性格开朗，爱笑，喜欢与人沟通', 1441703027, 1455693454),
(2, 0, 4, 24, 0, 1, 0, 1, 0, 1, 0, '索军辉', '17710620367', '', '', '1987-06-11', 0, '142622198609115212', '0', '2', 9, 'o', 'http://www.jia-he-jia.com/u/img/default-head-img.png', '可以为您服务：地板打蜡、保养；擦里外玻璃；跑腿；代购；深度保洁', 1441703335, 1448422051),
(3, 0, 12, 110, 0, 1, 0, 1, 0, 1, 1, '张丽', '17710550743', '', '', '1995-01-10', 0, '341322199501103222', '0', '2', 1, '', 'http://www.jia-he-jia.com/u/img/default-head-img.png', '本人爱好运动，喜欢读书', 1441703540, 1448422040),
(4, 0, 16, 166, 0, 0, 0, 0, 0, 0, 1, '郑云华', '17801085287', '', '河南省信阳市平桥区科教路52号', '1963-12-30', 0, '413023196312300020', '', '', 0, '', 'http://www.jia-he-jia.com/u/img/default-head-img.png', '', 1444553944, 1444553944),
(5, 3, 1, 0, 0, 1, 0, 0, 0, 0, 1, '刘向红', '18311282336', '', '北京市西城区护国寺大街105号', '1966-12-15', 0, '110102196612150423', '', '', 0, '', 'http://www.jia-he-jia.com/u/img/default-head-img.png', '', 1451529878, 1451529878),
(7, 3, 4, 24, 0, 1, 0, 0, 0, 0, 1, '路淑英', '13835790337', '010-57135749', '山西省曲沃县如意巷19号', '1969-01-31', 0, '142621196901310028', '', '', 0, '', 'http://www.jia-he-jia.com/u/img/default-head-img.png', '', 1451529892, 1451529892),
(8, 3, 4, 24, 0, 1, 0, 0, 0, 0, 1, '路小娜', '15034328703', '010-57135749', '山西省曲沃县北董乡下裴庄村幸福路15号', '1969-12-08', 0, '142621196912081048', '', '', 0, '', 'http://www.jia-he-jia.com/u/img/default-head-img.png', '', 1456902084, 1456902084),
(9, 3, 3, 7, 0, 1, 0, 0, 0, 1, 1, '王艳玲', '15232843369', '010-57135749', '河北省邯郸市临漳县张村集乡小王村', '1971-07-15', 0, '130423197107151026', '', '', 0, '', 'http://www.jia-he-jia.com/u/img/default-head-img.png', '', 1448443181, 1448443181),
(10, 3, 6, 46, 0, 1, 0, 0, 0, 0, 1, '王旭', '15011070278', '010-57135749', '辽宁省阜新市太平区太平小街5-1-6', '1963-10-28', 0, '210904196312281528', '', '', 0, '', 'http://www.jia-he-jia.com/u/img/default-head-img.png', '', 1451529964, 1451529964),
(11, 3, 3, 7, 0, 1, 0, 0, 0, 1, 1, '李书芹', '15188837842', '010-57135749', '河北省邯郸市临漳县张村乡张费村顺民路1号', '1966-08-05', 0, '132129196608051022', '', '', 0, '', 'http://www.jia-he-jia.com/u/img/default-head-img.png', '', 1448443132, 1448443132),
(12, 3, 15, 149, 0, 4, 1, 0, 1, 1, 1, '李小杰', '13051767872', '010-57135749', '山东省莘县十八里铺镇前黄楼店村41号', '1970-10-26', 0, '372523197010264720', '0', '0', 0, '0', 'http://www.jia-he-jia.com/u/img/default-head-img.png', '', 1444814094, 1459858909),
(13, 3, 3, 7, 0, 1, 0, 0, 0, 1, 1, '潘利叶', '13653309861', '010-57135749', '河北省邯郸市临漳县称勾镇常红村光明街13号', '1982-08-05', 0, '130423198208051088', '', '', 0, '', 'http://www.jia-he-jia.com/u/img/default-head-img.png', '', 1456902047, 1456902047),
(14, 3, 3, 7, 0, 1, 0, 0, 0, 1, 1, '郝云香', '15701673852', '010-57135749', '河北省邯郸市临漳县称勾镇常红村光明街9号', '1979-05-17', 0, '132129197905171025', '', '', 0, '', 'http://www.jia-he-jia.com/u/img/default-head-img.png', '', 1444813991, 1444813991),
(15, 3, 4, 24, 0, 1, 0, 0, 0, 0, 1, '秦建翠', '15935715930', '010-57135749', '山西省曲沃县乐昌镇西南街文昌巷', '1973-07-28', 0, '142621197307280027', '', '', 0, '', 'http://www.jia-he-jia.com/u/img/default-head-img.png', '', 1451529928, 1451529928),
(16, 3, 4, 24, 0, 1, 0, 0, 0, 0, 1, '常女女', '18735732350', '010-57135749', '山西省曲沃县北董乡下裴庄村康乐街4号', '1965-10-11', 0, '142621196510111048', '', '', 0, '', 'http://www.jia-he-jia.com/u/img/default-head-img.png', '', 1451529902, 1451529902),
(17, 3, 28, 0, 0, 1, 0, 0, 0, 0, 1, '杨玲', '17081061799', '010-57135749', '甘肃省', '1971-03-15', 0, '622827197103151964', '', '', 0, '', 'http://www.jia-he-jia.com/u/img/default-head-img.png', '', 1451529916, 1451529916),
(18, 3, 3, 14, 0, 1, 0, 0, 0, 0, 1, '王书两', '18612758701', '01057135749', '丰台区马家楼87号', '1972-12-29', 0, '13302619721229212X', '', '', 0, '', 'http://www.jia-he-jia.com/u/img/default-head-img.png', '', 1456902026, 1456902026),
(19, 3, 3, 14, 0, 1, 0, 0, 0, 0, 1, '吴琼', '18618365693', '01057135749', '丰台区马家楼87号', '1969-08-12', 0, '142627196908120022', '', '', 0, '', 'http://www.jia-he-jia.com/u/img/default-head-img.png', '', 1456902101, 1456902101),
(20, 3, 5, 29, 0, 1, 0, 0, 0, 0, 1, '肖丽萍', '13717994919', '01057135749', '百子湾沿海赛洛城', '1968-03-01', 0, '152103196803016329', '', '', 0, '', 'http://www.jia-he-jia.com/u/img/default-head-img.png', '', 1456902111, 1456902111),
(21, 3, 3, 8, 0, 1, 0, 0, 0, 1, 1, '王建策', '13671326517', '57135749', '双井百环家园', '1983-05-10', 0, '131124198305102220', '', '', 0, '', 'http://www.jia-he-jia.com/u/img/default-head-img.png', '', 1451530228, 0),
(22, 3, 3, 7, 0, 1, 0, 0, 0, 1, 1, '张波', '15033857589', '57135749', '双井百环家园', '1965-03-16', 0, '132129196503161049', '', '', 0, '', 'http://www.jia-he-jia.com/u/img/default-head-img.png', '', 1456902055, 1456902055),
(23, 3, 4, 24, 0, 4, 1, 0, 1, 1, 1, '刘菊桃', '18210531529', '57135749', '芍药居北里', '1989-03-14', 0, '142622198903145244', '0', '0', 0, '0', 'http://www.jia-he-jia.com/u/img/default-head-img.png', '', 1456902347, 1459858842),
(24, 3, 3, 7, 0, 4, 1, 0, 1, 1, 1, '王海红', '15032039691', '57135749', '东城区法华寺街59号', '1983-10-14', 0, '130423198310141020', '0', '0', 0, '0', 'http://www.jia-he-jia.com/u/img/default-head-img.png', '', 1456902425, 1459858754),
(25, 3, 3, 7, 0, 1, 0, 0, 0, 1, 1, '郭刚美', '15931022209', '57135749', '双井百环家园', '1969-07-05', 0, '132130196907051925', '', '', 0, '', 'http://www.jia-he-jia.com/u/img/default-head-img.png', '', 1457573855, 1457573855),
(26, 0, 0, 0, 0, 5, 3, 0, 1, 1, 1, '吕军英', '15711234849', '', '北京市朝阳区崔各庄乡东辛店村', '1980-01-01', 0, '412324197504160524', '0', '0', 0, '0', 'http://www.jia-he-jia.com/u/img/default-head-img.png', '', 1459849274, 0),
(27, 0, 0, 0, 0, 6, 2, 0, 1, 1, 1, '杨冬花', '13041001502', '', '海淀区温泉镇白家瞳村康佳大药房', '1980-01-01', 0, '41152619881115106X', '0', '0', 0, '0', 'http://www.jia-he-jia.com/u/img/default-head-img.png', '', 1459849393, 0),
(28, 0, 0, 0, 0, 4, 1, 0, 1, 1, 1, '张燕杰', '13701099280', '', '垡头', '1980-01-01', 0, '412702198607193669', '0', '0', 0, '0', 'http://www.jia-he-jia.com/u/img/default-head-img.png', '', 1459849600, 0),
(29, 0, 0, 0, 0, 6, 2, 0, 1, 1, 1, '乔丽红', '13621007389', '', '海淀区西北旺镇冷泉村', '1980-01-01', 0, '411081197101212123', '0', '0', 0, '0', 'http://www.jia-he-jia.com/u/img/default-head-img.png', '', 1459858538, 0),
(30, 0, 0, 0, 0, 6, 2, 0, 1, 1, 1, '曹艳丽', '18003962503', '', '海淀区皂甲屯村', '1980-01-01', 0, '412828197506070365', '0', '0', 0, '0', 'http://www.jia-he-jia.com/u/img/default-head-img.png', '', 1459858602, 1459858633),
(31, 0, 0, 0, 0, 6, 2, 0, 1, 1, 1, '李兰英', '17718315105', '', '海淀区西北旺镇冷泉村沈家山', '1980-01-01', 0, '372523196610309262', '0', '0', 0, '0', 'http://www.jia-he-jia.com/u/img/default-head-img.png', '', 1459858692, 0),
(32, 0, 0, 0, 0, 5, 3, 0, 1, 1, 1, '俞忠华', '15387833335', '', '北京市朝阳区来广营乡奶子房村', '1980-01-01', 0, '362322197503151215', '0', '0', 0, '0', 'http://www.jia-he-jia.com/u/img/default-head-img.png', '', 1459858989, 0),
(33, 0, 0, 0, 0, 5, 3, 0, 1, 1, 1, '孔桂叶', '15801555876', '', '北京市朝阳区来广营乡奶子房村', '1980-01-01', 0, '342901198104044641', '0', '0', 0, '0', 'http://www.jia-he-jia.com/u/img/default-head-img.png', '', 1459859053, 0),
(34, 0, 0, 0, 0, 5, 3, 0, 1, 1, 1, '陈翠', '13621240697', '', '北京市朝阳区酒仙桥驼房营', '1980-01-01', 0, '411326198504291520', '0', '0', 0, '0', 'http://www.jia-he-jia.com/u/img/default-head-img.png', '', 1459859131, 0),
(35, 0, 0, 0, 0, 5, 3, 0, 1, 1, 1, '李吉秋', '15201215973', '', '望京', '1980-01-01', 0, '37292319830514591X', '0', '0', 0, '0', 'http://www.jia-he-jia.com/u/img/default-head-img.png', '', 1459859191, 0),
(36, 0, 0, 0, 0, 5, 3, 0, 1, 1, 1, '孔繁宇', '18348537786', '', '望京', '1980-01-01', 0, '230128199803134033', '0', '0', 0, '0', 'http://www.jia-he-jia.com/u/img/default-head-img.png', '', 1459859248, 0),
(37, 0, 0, 0, 0, 5, 3, 0, 1, 1, 1, '候建霞', '15810261523', '', '望京', '1980-01-01', 0, '110101190010102212', '0', '0', 0, '0', 'http://www.jia-he-jia.com/u/img/default-head-img.png', '', 1459859407, 0);

--
-- Indexes for dumped tables
--

--
-- Indexes for table `org_staffs`
--
ALTER TABLE `org_staffs`
  ADD PRIMARY KEY (`staff_id`);

--
-- 在导出的表使用AUTO_INCREMENT
--

--
-- 使用表AUTO_INCREMENT `org_staffs`
--
ALTER TABLE `org_staffs`
  MODIFY `staff_id` int(11) UNSIGNED NOT NULL AUTO_INCREMENT COMMENT '主键', AUTO_INCREMENT=38;


CREATE TABLE `org_staff_skill` (
  `id` int(11) UNSIGNED NOT NULL COMMENT '主键，服务人员技能表',
  `staff_id` int(11) UNSIGNED NOT NULL COMMENT '服务人员id',
  `service_type_id` int(11) UNSIGNED NOT NULL COMMENT '服务类别id',
  `add_time` int(11) UNSIGNED NOT NULL COMMENT '添加时间戳'
) ENGINE=InnoDB DEFAULT CHARSET=utf8;

--
-- 转存表中的数据 `org_staff_skill`
--

INSERT INTO `org_staff_skill` (`id`, `staff_id`, `service_type_id`, `add_time`) VALUES
(1, 26, 28, 1459849274),
(2, 26, 41, 1459849274),
(3, 26, 42, 1459849274),
(4, 26, 43, 1459849274),
(5, 26, 44, 1459849274),
(6, 26, 45, 1459849274),
(7, 26, 29, 1459849274),
(8, 26, 46, 1459849274),
(9, 26, 47, 1459849274),
(10, 26, 48, 1459849274),
(11, 26, 49, 1459849274),
(12, 26, 30, 1459849274),
(13, 26, 31, 1459849274),
(14, 26, 32, 1459849274),
(15, 26, 33, 1459849274),
(16, 26, 34, 1459849274),
(17, 26, 35, 1459849274),
(18, 26, 36, 1459849274),
(19, 26, 50, 1459849274),
(20, 26, 51, 1459849274),
(21, 26, 52, 1459849274),
(22, 26, 53, 1459849274),
(23, 26, 54, 1459849274),
(24, 26, 55, 1459849274),
(25, 26, 37, 1459849274),
(26, 26, 38, 1459849274),
(27, 27, 28, 1459849393),
(28, 27, 41, 1459849393),
(29, 27, 42, 1459849393),
(30, 27, 43, 1459849393),
(31, 27, 44, 1459849393),
(32, 27, 45, 1459849393),
(33, 27, 29, 1459849393),
(34, 27, 46, 1459849393),
(35, 27, 47, 1459849393),
(36, 27, 48, 1459849393),
(37, 27, 49, 1459849393),
(38, 27, 30, 1459849393),
(39, 27, 31, 1459849393),
(40, 27, 32, 1459849393),
(41, 27, 33, 1459849393),
(42, 27, 34, 1459849393),
(43, 27, 35, 1459849393),
(44, 27, 36, 1459849393),
(45, 27, 50, 1459849393),
(46, 27, 51, 1459849393),
(47, 27, 52, 1459849393),
(48, 27, 53, 1459849393),
(49, 27, 54, 1459849393),
(50, 27, 55, 1459849393),
(51, 27, 37, 1459849393),
(52, 27, 38, 1459849393),
(53, 28, 28, 1459849600),
(54, 28, 41, 1459849600),
(55, 28, 42, 1459849600),
(56, 28, 43, 1459849600),
(57, 28, 44, 1459849600),
(58, 28, 45, 1459849600),
(59, 28, 29, 1459849600),
(60, 28, 46, 1459849600),
(61, 28, 47, 1459849600),
(62, 28, 48, 1459849600),
(63, 28, 49, 1459849600),
(64, 28, 30, 1459849600),
(65, 28, 31, 1459849600),
(66, 28, 32, 1459849600),
(67, 28, 33, 1459849600),
(68, 28, 34, 1459849600),
(69, 28, 35, 1459849600),
(70, 28, 36, 1459849600),
(71, 28, 50, 1459849600),
(72, 28, 51, 1459849600),
(73, 28, 52, 1459849600),
(74, 28, 53, 1459849600),
(75, 28, 54, 1459849600),
(76, 28, 55, 1459849600),
(77, 28, 37, 1459849600),
(78, 28, 38, 1459849600),
(79, 29, 28, 1459858538),
(80, 29, 41, 1459858538),
(81, 29, 42, 1459858538),
(82, 29, 43, 1459858538),
(83, 29, 44, 1459858538),
(84, 29, 45, 1459858538),
(85, 29, 29, 1459858538),
(86, 29, 46, 1459858538),
(87, 29, 47, 1459858538),
(88, 29, 48, 1459858538),
(89, 29, 49, 1459858538),
(90, 29, 30, 1459858538),
(91, 29, 31, 1459858538),
(92, 29, 32, 1459858538),
(93, 29, 33, 1459858538),
(94, 29, 34, 1459858538),
(95, 29, 35, 1459858538),
(96, 29, 36, 1459858538),
(97, 29, 50, 1459858538),
(98, 29, 51, 1459858538),
(99, 29, 52, 1459858538),
(100, 29, 53, 1459858538),
(101, 29, 54, 1459858538),
(102, 29, 55, 1459858538),
(103, 29, 37, 1459858538),
(104, 29, 38, 1459858538),
(131, 30, 28, 1459858633),
(132, 30, 41, 1459858633),
(133, 30, 42, 1459858634),
(134, 30, 43, 1459858634),
(135, 30, 44, 1459858634),
(136, 30, 45, 1459858634),
(137, 30, 29, 1459858634),
(138, 30, 46, 1459858634),
(139, 30, 47, 1459858634),
(140, 30, 48, 1459858634),
(141, 30, 49, 1459858634),
(142, 30, 30, 1459858634),
(143, 30, 31, 1459858634),
(144, 30, 32, 1459858634),
(145, 30, 33, 1459858634),
(146, 30, 34, 1459858634),
(147, 30, 35, 1459858634),
(148, 30, 36, 1459858634),
(149, 30, 50, 1459858634),
(150, 30, 51, 1459858634),
(151, 30, 52, 1459858634),
(152, 30, 53, 1459858634),
(153, 30, 54, 1459858634),
(154, 30, 55, 1459858634),
(155, 30, 37, 1459858634),
(156, 30, 38, 1459858634),
(157, 31, 28, 1459858692),
(158, 31, 41, 1459858692),
(159, 31, 42, 1459858692),
(160, 31, 43, 1459858692),
(161, 31, 44, 1459858692),
(162, 31, 45, 1459858692),
(163, 31, 29, 1459858692),
(164, 31, 46, 1459858692),
(165, 31, 47, 1459858692),
(166, 31, 48, 1459858692),
(167, 31, 49, 1459858692),
(168, 31, 30, 1459858692),
(169, 31, 31, 1459858692),
(170, 31, 32, 1459858692),
(171, 31, 33, 1459858692),
(172, 31, 34, 1459858692),
(173, 31, 35, 1459858692),
(174, 31, 36, 1459858692),
(175, 31, 50, 1459858692),
(176, 31, 51, 1459858692),
(177, 31, 52, 1459858692),
(178, 31, 53, 1459858692),
(179, 31, 54, 1459858692),
(180, 31, 55, 1459858692),
(181, 31, 37, 1459858692),
(182, 31, 38, 1459858692),
(183, 24, 28, 1459858754),
(184, 24, 41, 1459858754),
(185, 24, 42, 1459858754),
(186, 24, 43, 1459858754),
(187, 24, 44, 1459858754),
(188, 24, 45, 1459858754),
(189, 24, 29, 1459858754),
(190, 24, 46, 1459858754),
(191, 24, 47, 1459858754),
(192, 24, 48, 1459858754),
(193, 24, 49, 1459858754),
(194, 24, 30, 1459858754),
(195, 24, 31, 1459858754),
(196, 24, 32, 1459858754),
(197, 24, 33, 1459858754),
(198, 24, 34, 1459858754),
(199, 24, 35, 1459858754),
(200, 24, 36, 1459858754),
(201, 24, 50, 1459858754),
(202, 24, 51, 1459858754),
(203, 24, 52, 1459858754),
(204, 24, 53, 1459858754),
(205, 24, 54, 1459858754),
(206, 24, 55, 1459858754),
(207, 24, 37, 1459858754),
(208, 24, 38, 1459858754),
(209, 23, 28, 1459858842),
(210, 23, 41, 1459858842),
(211, 23, 42, 1459858842),
(212, 23, 43, 1459858842),
(213, 23, 44, 1459858842),
(214, 23, 45, 1459858842),
(215, 23, 29, 1459858842),
(216, 23, 46, 1459858842),
(217, 23, 47, 1459858842),
(218, 23, 48, 1459858842),
(219, 23, 49, 1459858842),
(220, 23, 30, 1459858842),
(221, 23, 31, 1459858842),
(222, 23, 32, 1459858842),
(223, 23, 33, 1459858842),
(224, 23, 34, 1459858842),
(225, 23, 35, 1459858842),
(226, 23, 36, 1459858842),
(227, 23, 50, 1459858842),
(228, 23, 51, 1459858842),
(229, 23, 52, 1459858842),
(230, 23, 53, 1459858842),
(231, 23, 54, 1459858842),
(232, 23, 55, 1459858842),
(233, 23, 37, 1459858842),
(234, 23, 38, 1459858842),
(235, 12, 28, 1459858909),
(236, 12, 41, 1459858909),
(237, 12, 42, 1459858909),
(238, 12, 43, 1459858909),
(239, 12, 44, 1459858909),
(240, 12, 45, 1459858909),
(241, 12, 29, 1459858909),
(242, 12, 46, 1459858909),
(243, 12, 47, 1459858909),
(244, 12, 48, 1459858909),
(245, 12, 49, 1459858909),
(246, 12, 30, 1459858909),
(247, 12, 31, 1459858909),
(248, 12, 32, 1459858909),
(249, 12, 33, 1459858909),
(250, 12, 34, 1459858909),
(251, 12, 35, 1459858909),
(252, 12, 36, 1459858909),
(253, 12, 50, 1459858909),
(254, 12, 51, 1459858909),
(255, 12, 52, 1459858909),
(256, 12, 53, 1459858909),
(257, 12, 54, 1459858909),
(258, 12, 55, 1459858909),
(259, 12, 37, 1459858909),
(260, 12, 38, 1459858909),
(261, 32, 28, 1459858989),
(262, 32, 41, 1459858989),
(263, 32, 42, 1459858989),
(264, 32, 43, 1459858989),
(265, 32, 44, 1459858989),
(266, 32, 45, 1459858989),
(267, 32, 29, 1459858989),
(268, 32, 46, 1459858989),
(269, 32, 47, 1459858989),
(270, 32, 48, 1459858989),
(271, 32, 49, 1459858989),
(272, 32, 30, 1459858989),
(273, 32, 31, 1459858989),
(274, 32, 32, 1459858989),
(275, 32, 33, 1459858989),
(276, 32, 34, 1459858989),
(277, 32, 35, 1459858989),
(278, 32, 36, 1459858989),
(279, 32, 50, 1459858989),
(280, 32, 51, 1459858989),
(281, 32, 52, 1459858989),
(282, 32, 53, 1459858989),
(283, 32, 54, 1459858989),
(284, 32, 55, 1459858989),
(285, 32, 37, 1459858989),
(286, 32, 38, 1459858989),
(287, 33, 28, 1459859053),
(288, 33, 41, 1459859053),
(289, 33, 42, 1459859053),
(290, 33, 43, 1459859053),
(291, 33, 44, 1459859053),
(292, 33, 45, 1459859053),
(293, 33, 29, 1459859053),
(294, 33, 46, 1459859053),
(295, 33, 47, 1459859053),
(296, 33, 48, 1459859053),
(297, 33, 49, 1459859053),
(298, 33, 30, 1459859053),
(299, 33, 31, 1459859053),
(300, 33, 32, 1459859053),
(301, 33, 33, 1459859053),
(302, 33, 34, 1459859053),
(303, 33, 35, 1459859053),
(304, 33, 36, 1459859053),
(305, 33, 50, 1459859053),
(306, 33, 51, 1459859053),
(307, 33, 52, 1459859053),
(308, 33, 53, 1459859053),
(309, 33, 54, 1459859053),
(310, 33, 55, 1459859053),
(311, 33, 37, 1459859053),
(312, 33, 38, 1459859053),
(313, 34, 28, 1459859131),
(314, 34, 41, 1459859131),
(315, 34, 42, 1459859131),
(316, 34, 43, 1459859131),
(317, 34, 44, 1459859131),
(318, 34, 45, 1459859131),
(319, 34, 29, 1459859131),
(320, 34, 46, 1459859131),
(321, 34, 47, 1459859131),
(322, 34, 48, 1459859131),
(323, 34, 49, 1459859131),
(324, 35, 28, 1459859191),
(325, 35, 41, 1459859191),
(326, 35, 42, 1459859191),
(327, 35, 43, 1459859191),
(328, 35, 44, 1459859191),
(329, 35, 45, 1459859191),
(330, 35, 29, 1459859191),
(331, 35, 46, 1459859191),
(332, 35, 47, 1459859191),
(333, 35, 48, 1459859191),
(334, 35, 49, 1459859191),
(335, 35, 30, 1459859191),
(336, 35, 31, 1459859191),
(337, 35, 32, 1459859191),
(338, 35, 33, 1459859191),
(339, 35, 34, 1459859191),
(340, 35, 35, 1459859191),
(341, 35, 36, 1459859191),
(342, 35, 50, 1459859191),
(343, 35, 51, 1459859191),
(344, 35, 52, 1459859191),
(345, 35, 53, 1459859192),
(346, 35, 54, 1459859192),
(347, 35, 55, 1459859192),
(348, 35, 37, 1459859192),
(349, 35, 38, 1459859192),
(350, 36, 28, 1459859248),
(351, 36, 41, 1459859248),
(352, 36, 42, 1459859248),
(353, 36, 43, 1459859248),
(354, 36, 44, 1459859248),
(355, 36, 45, 1459859248),
(356, 36, 29, 1459859248),
(357, 36, 46, 1459859248),
(358, 36, 47, 1459859248),
(359, 36, 48, 1459859248),
(360, 36, 49, 1459859248),
(361, 36, 30, 1459859248),
(362, 36, 31, 1459859248),
(363, 36, 32, 1459859248),
(364, 36, 33, 1459859248),
(365, 36, 34, 1459859248),
(366, 36, 35, 1459859248),
(367, 36, 36, 1459859248),
(368, 36, 50, 1459859248),
(369, 36, 51, 1459859248),
(370, 36, 52, 1459859248),
(371, 36, 53, 1459859248),
(372, 36, 54, 1459859248),
(373, 36, 55, 1459859248),
(374, 36, 37, 1459859248),
(375, 36, 38, 1459859248),
(376, 37, 28, 1459859407),
(377, 37, 41, 1459859407),
(378, 37, 42, 1459859407),
(379, 37, 43, 1459859407),
(380, 37, 44, 1459859407),
(381, 37, 45, 1459859407),
(382, 37, 29, 1459859407),
(383, 37, 46, 1459859407),
(384, 37, 47, 1459859407),
(385, 37, 48, 1459859407),
(386, 37, 49, 1459859407),
(387, 37, 30, 1459859407),
(388, 37, 31, 1459859407),
(389, 37, 32, 1459859407),
(390, 37, 33, 1459859407),
(391, 37, 34, 1459859407),
(392, 37, 35, 1459859407),
(393, 37, 36, 1459859407),
(394, 37, 50, 1459859407),
(395, 37, 51, 1459859407),
(396, 37, 52, 1459859407),
(397, 37, 53, 1459859407),
(398, 37, 54, 1459859407),
(399, 37, 55, 1459859407),
(400, 37, 37, 1459859407),
(401, 37, 38, 1459859407);

--
-- Indexes for dumped tables
--

--
-- Indexes for table `org_staff_skill`
--
ALTER TABLE `org_staff_skill`
  ADD PRIMARY KEY (`id`);

--
-- 在导出的表使用AUTO_INCREMENT
--

--
-- 使用表AUTO_INCREMENT `org_staff_skill`
--
ALTER TABLE `org_staff_skill`
  MODIFY `id` int(11) UNSIGNED NOT NULL AUTO_INCREMENT COMMENT '主键，服务人员技能表', AUTO_INCREMENT=402;





CREATE TABLE `finance_recharge` (
  `id` int(10) UNSIGNED NOT NULL COMMENT '财务充值记录表',
  `user_id` int(11) UNSIGNED NOT NULL COMMENT '充值目标用户Id',
  `recharge_value` decimal(9,2) UNSIGNED NOT NULL DEFAULT '0.00' COMMENT '充值金额',
  `rest_money_before` decimal(9,2) UNSIGNED NOT NULL COMMENT '充值前金额',
  `rest_money_after` decimal(9,2) UNSIGNED NOT NULL COMMENT '充值后金额',
  `admin_id` int(11) UNSIGNED NOT NULL COMMENT '充值人员Id',
  `admin_name` varchar(20) DEFAULT NULL COMMENT '充值人员姓名',
  `admin_mobile` char(11) NOT NULL COMMENT '充值人员手机号',
  `approve_mobile` varchar(20) NOT NULL COMMENT '审批手机号',
  `approve_token` varchar(20) NOT NULL COMMENT '审批验证码',
  `remarks` varchar(255) DEFAULT NULL COMMENT '备注',
  `add_time` int(11) NOT NULL COMMENT '添加时间戳'
) ENGINE=InnoDB DEFAULT CHARSET=utf8;


CREATE TABLE `jhj_setting` (
  `id` int(11) UNSIGNED NOT NULL COMMENT '主键',
  `name` varchar(32) NOT NULL COMMENT '钟点工收入比例 |  助理收入比例  | 统一客服电话 | 统一服务人员客服电话 | 推荐奖励 | 推荐有效天数 | | 推荐完成单数',
  `setting_type` varchar(32) NOT NULL COMMENT 'hour_incoming|  am_incoming | user_service_tel | staff_service_tel | invite_price | invite_days | invite_order_count',
  `setting_value` varchar(128) NOT NULL,
  `add_time` int(11) NOT NULL COMMENT '添加时间戳'
) ENGINE=InnoDB DEFAULT CHARSET=utf8 COMMENT='相关配置表';

--
-- 转存表中的数据 `jhj_setting`
--

INSERT INTO `jhj_setting` (`id`, `name`, `setting_type`, `setting_value`, `add_time`) VALUES
(1, '钟点工提成', 'hour-ratio', '0.75', 1454121811),
(2, '助理提成', 'am-ratio', '0.85', 1454121811),
(3, '深度保洁提成', 'deep-ratio', '0', 1454121811),
(4, '配送订单提成', 'dis-ratio', '0', 1454121811),
(5, '统一客服电话', 'tel-u', '010-58734880', 1454121811),
(6, '服务人员客服电话', 'tell-staff', '15210316330', 1454121811),
(7, '欠款金额达到进入黑名单条件', 'total-dept-blank', '1000', 1454121811),
(8, '后台充值验证手机号', 'recharge_mobile', '18611289885', 1459247137),
(9, '初级服务人员钟点工提成', 'hour-ratio-level-1', '0.71', 1459249945),
(10, '中级服务人员钟点工提成', 'hour-ratio-level-2', '0.75', 1459249945),
(11, '金牌服务人员钟点工提成', 'hour-ratio-level-3', '0.79', 1459249945),
(12, 'VIP服务人员钟点工提成', 'hour-ratio-level-4', '0.84', 1459249945),
(13, '初级服务人员助理单提成', 'am-ratio-level-1', '0.71', 1459249945),
(14, '中级服务人员助理单提成', 'am-ratio-level-2', '0.75', 1459249945),
(15, '金牌服务人员助理单提成', 'am-ratio-level-3', '0.79', 1459249945),
(16, 'VIP服务人员助理单提成', 'am-ratio-level-4', '0.84', 1459249945),
(17, '初级服务人员配送单提成', 'dis-ratio-level-1', '0.71', 1459249945),
(18, '中级服务人员配送单提成', 'dis-ratio-level-2', '0.75', 1459249945),
(19, '金牌服务人员配送单提成', 'dis-ratio-level-3', '0.79', 1459249945),
(20, 'VIP服务人员配送单提成', 'dis-ratio-level-4', '0.84', 1459249945),
(21, '初级服务人员深度养护提成', 'deep-ratio-level-1', '0', 1459247137),
(22, '中级服务人员深度养护提成', 'deep-ratio-level-2', '0', 1459247137),
(23, '金牌服务人员深度养护提成', 'deep-ratio-level-3', '0', 1459247137),
(24, 'VIP服务人员深度养护提成', 'deep-ratio-level-4', '0', 1459247137);

--
-- Indexes for dumped tables
--

--
-- Indexes for table `jhj_setting`
--
ALTER TABLE `jhj_setting`
  ADD PRIMARY KEY (`id`);

--
-- 在导出的表使用AUTO_INCREMENT
--

--
-- 使用表AUTO_INCREMENT `jhj_setting`
--
ALTER TABLE `jhj_setting`
  MODIFY `id` int(11) UNSIGNED NOT NULL AUTO_INCREMENT COMMENT '主键', AUTO_INCREMENT=25;

update `org_staffs` set `head_img` = 'http://www.jia-he-jia.com/u/img/default-head-img.png';


CREATE TABLE `order_customization_year` (
  `id` int(11) unsigned NOT NULL AUTO_INCREMENT COMMENT '全年订制服务的订单',
  `user_id` int(11) unsigned NOT NULL COMMENT '用户id',
  `service_type_id` int(11) unsigned NOT NULL COMMENT '所订制服务的id',
  `add_time` int(11) unsigned NOT NULL COMMENT '添加时间',
  PRIMARY KEY (`id`)
) ENGINE=InnoDB AUTO_INCREMENT=2 DEFAULT CHARSET=utf8;


CREATE TABLE `user_ref_org` (
  `id` int(11) UNSIGNED NOT NULL COMMENT '主键',
  `user_id` int(11) UNSIGNED NOT NULL DEFAULT '0' COMMENT '用户ID',
  `org_id` int(11) UNSIGNED NOT NULL DEFAULT '0' COMMENT '云店ID',
  `parent_org_id` int(11) UNSIGNED NOT NULL DEFAULT '0' COMMENT '对应地区门店ID',
  `add_time` int(11) UNSIGNED NOT NULL DEFAULT '0' COMMENT '添加时间戳'
) ENGINE=InnoDB DEFAULT CHARSET=utf8 COMMENT='用户关联助理表';

--
-- 转存表中的数据 `user_ref_org`
--

INSERT INTO `user_ref_org` (`id`, `user_id`, `org_id`, `parent_org_id`, `add_time`) VALUES
(1, 2, 4, 2, 1459849281),
(2, 1, 6, 2, 1459857685),
(3, 3, 4, 1, 1459857686),
(4, 4, 4, 1, 1459857686),
(5, 5, 6, 2, 1459857686),
(6, 6, 4, 1, 1459857686),
(7, 16, 4, 1, 1459857686),
(8, 18, 5, 3, 1459857687),
(9, 19, 4, 1, 1459857687),
(10, 20, 5, 3, 1459857687),
(11, 21, 4, 1, 1459857687),
(12, 23, 6, 2, 1459857687),
(13, 24, 4, 1, 1459857687),
(14, 29, 4, 1, 1459857688),
(15, 31, 6, 2, 1459857688),
(16, 32, 4, 1, 1459857688),
(17, 38, 5, 3, 1459857688),
(18, 42, 6, 2, 1459857688),
(19, 43, 5, 3, 1459857688),
(20, 49, 4, 1, 1459857689),
(21, 52, 5, 3, 1459857689),
(22, 54, 5, 3, 1459857689),
(23, 60, 4, 1, 1459857689),
(24, 95, 5, 3, 1459857689),
(25, 107, 4, 1, 1459857689),
(26, 164, 4, 1, 1459857690),
(27, 207, 4, 1, 1459857690),
(28, 211, 4, 1, 1459857690),
(29, 232, 4, 1, 1459857690),
(30, 247, 4, 1, 1459857690),
(31, 262, 4, 1, 1459857691),
(32, 382, 4, 1, 1459857691),
(33, 502, 5, 3, 1459857692),
(34, 529, 4, 1, 1459857692),
(35, 662, 4, 1, 1459857692),
(36, 715, 5, 3, 1459857692),
(37, 727, 4, 1, 1459857692),
(38, 734, 4, 1, 1459857693),
(39, 832, 4, 1, 1459857693),
(40, 882, 4, 1, 1459857693),
(41, 923, 4, 1, 1459857693),
(42, 944, 4, 1, 1459857694),
(43, 945, 4, 1, 1459857694),
(44, 946, 4, 1, 1459857694),
(45, 947, 5, 3, 1459857694),
(46, 948, 6, 2, 1459857694),
(47, 950, 4, 1, 1459857694),
(48, 951, 4, 1, 1459857695),
(49, 952, 4, 1, 1459857695),
(50, 953, 5, 3, 1459857695),
(51, 954, 4, 1, 1459857695),
(52, 955, 4, 1, 1459857695),
(53, 956, 5, 3, 1459857696),
(54, 957, 4, 1, 1459857696),
(55, 958, 4, 1, 1459857696),
(56, 959, 4, 1, 1459857696),
(57, 960, 4, 1, 1459857696),
(58, 961, 4, 1, 1459857696),
(59, 962, 4, 1, 1459857696),
(60, 963, 4, 1, 1459857697),
(61, 964, 4, 1, 1459857697),
(62, 965, 4, 1, 1459857697),
(63, 966, 4, 1, 1459857697),
(64, 967, 4, 1, 1459857697),
(65, 968, 4, 1, 1459857697),
(66, 969, 4, 1, 1459857697),
(67, 970, 4, 1, 1459857698),
(68, 971, 6, 2, 1459857698),
(69, 972, 4, 1, 1459857698),
(70, 973, 4, 1, 1459857698),
(71, 974, 4, 1, 1459857698),
(72, 975, 4, 1, 1459857698),
(73, 976, 4, 1, 1459857698),
(74, 977, 4, 1, 1459857699),
(75, 978, 4, 1, 1459857699),
(76, 979, 4, 1, 1459857699),
(77, 980, 4, 1, 1459857699),
(78, 981, 4, 1, 1459857699),
(79, 982, 5, 3, 1459857699),
(80, 983, 4, 1, 1459857699),
(81, 984, 5, 3, 1459857699),
(82, 985, 4, 1, 1459857700),
(83, 986, 4, 1, 1459857700),
(84, 987, 5, 3, 1459857700),
(85, 988, 6, 2, 1459857700),
(86, 989, 4, 1, 1459857700),
(87, 990, 4, 1, 1459857700),
(88, 991, 4, 1, 1459857700),
(89, 992, 4, 1, 1459857701),
(90, 993, 4, 1, 1459857701),
(91, 994, 6, 2, 1459857701),
(92, 995, 4, 1, 1459857701),
(93, 996, 4, 1, 1459857701),
(94, 997, 4, 1, 1459857702),
(95, 998, 4, 1, 1459857702),
(96, 999, 4, 1, 1459857702),
(97, 1000, 5, 3, 1459857702),
(98, 1001, 5, 3, 1459857702),
(99, 1002, 5, 3, 1459857702),
(100, 1003, 4, 1, 1459857702),
(101, 1004, 4, 1, 1459857702),
(102, 1005, 4, 1, 1459857703),
(103, 1006, 4, 1, 1459857703),
(104, 1007, 4, 1, 1459857703),
(105, 1008, 5, 3, 1459857703),
(106, 1009, 4, 1, 1459857703),
(107, 1010, 4, 1, 1459857703),
(108, 1011, 5, 3, 1459857703),
(109, 1012, 4, 1, 1459857704),
(110, 1013, 4, 1, 1459857704),
(111, 1014, 4, 1, 1459857704),
(112, 1015, 4, 1, 1459857704),
(113, 1016, 5, 3, 1459857704),
(114, 1017, 4, 1, 1459857704),
(115, 1018, 4, 1, 1459857704),
(116, 1019, 4, 1, 1459857705),
(117, 1020, 4, 1, 1459857705),
(118, 1021, 4, 1, 1459857705),
(119, 1022, 4, 1, 1459857705),
(120, 1023, 4, 1, 1459857705),
(121, 1024, 4, 1, 1459857705),
(122, 1025, 4, 1, 1459857705),
(123, 1026, 4, 1, 1459857706),
(124, 1027, 4, 1, 1459857706),
(125, 1028, 4, 1, 1459857706),
(126, 1029, 4, 1, 1459857706),
(127, 1030, 4, 1, 1459857706),
(128, 1031, 4, 1, 1459857706),
(129, 1032, 4, 1, 1459857706),
(130, 1033, 4, 1, 1459857707),
(131, 1034, 4, 1, 1459857707),
(132, 1035, 4, 1, 1459857707),
(133, 1036, 4, 1, 1459857707),
(134, 1037, 4, 1, 1459857707),
(135, 1040, 5, 3, 1459857707),
(136, 1041, 4, 1, 1459857707),
(137, 1042, 4, 1, 1459857708),
(138, 1043, 6, 2, 1459857708),
(139, 1044, 4, 1, 1459857708),
(140, 1045, 4, 1, 1459857708),
(141, 1046, 4, 1, 1459857708),
(142, 1047, 4, 1, 1459857708),
(143, 1048, 4, 1, 1459857708),
(144, 1049, 4, 1, 1459857709),
(145, 1050, 4, 1, 1459857709),
(146, 1051, 6, 2, 1459857709),
(147, 1052, 4, 1, 1459857709),
(148, 1054, 4, 1, 1459857709),
(149, 1055, 4, 1, 1459857709),
(150, 1056, 5, 3, 1459857709),
(151, 1057, 4, 1, 1459857709),
(152, 1058, 5, 3, 1459857710),
(153, 1059, 4, 1, 1459857710),
(154, 1060, 4, 1, 1459857710),
(155, 1061, 4, 1, 1459857710),
(156, 1062, 5, 3, 1459857710),
(157, 1063, 4, 1, 1459857710),
(158, 1064, 4, 1, 1459857711),
(159, 1065, 5, 3, 1459857711),
(160, 1066, 5, 3, 1459857711),
(161, 1067, 4, 1, 1459857711),
(162, 1068, 4, 1, 1459857711),
(163, 1069, 4, 1, 1459857711),
(164, 1070, 4, 1, 1459857711),
(165, 1071, 4, 1, 1459857712),
(166, 1072, 4, 1, 1459857712),
(167, 1073, 4, 1, 1459857712),
(168, 1074, 4, 1, 1459857712),
(169, 1075, 4, 1, 1459857712),
(170, 1077, 4, 1, 1459857712),
(171, 1078, 5, 3, 1459857712),
(172, 1079, 4, 1, 1459857713),
(173, 1080, 4, 1, 1459857713),
(174, 1081, 5, 3, 1459857713),
(175, 1082, 4, 1, 1459857713),
(176, 1083, 4, 1, 1459857713),
(177, 1084, 4, 1, 1459857713),
(178, 1085, 6, 2, 1459857713),
(179, 1086, 4, 1, 1459857714),
(180, 1087, 4, 1, 1459857714),
(181, 1089, 4, 1, 1459857714),
(182, 1090, 4, 1, 1459857714),
(183, 1091, 4, 1, 1459857714),
(184, 1092, 5, 3, 1459857714),
(185, 1093, 4, 1, 1459857714),
(186, 1094, 4, 1, 1459857715),
(187, 1095, 4, 1, 1459857715),
(188, 1096, 4, 1, 1459857715),
(189, 1097, 4, 1, 1459857715),
(190, 1098, 4, 1, 1459857715),
(191, 1099, 4, 1, 1459857715),
(192, 1100, 4, 1, 1459857715),
(193, 1101, 5, 3, 1459857716),
(194, 1102, 4, 1, 1459857716),
(195, 1103, 4, 1, 1459857716),
(196, 1105, 4, 1, 1459857716),
(197, 1106, 5, 3, 1459857716),
(198, 1107, 4, 1, 1459857716),
(199, 1108, 4, 1, 1459857717),
(200, 1109, 4, 1, 1459857717),
(201, 1110, 4, 1, 1459857717),
(202, 1111, 4, 1, 1459857717),
(203, 1112, 4, 1, 1459857717),
(204, 1113, 4, 1, 1459857717),
(205, 1114, 4, 1, 1459857717),
(206, 1115, 4, 1, 1459857717),
(207, 1116, 5, 3, 1459857718),
(208, 1117, 4, 1, 1459857718),
(209, 1118, 4, 1, 1459857718),
(210, 1119, 4, 1, 1459857718),
(211, 1120, 4, 1, 1459857719),
(212, 1121, 4, 1, 1459857719),
(213, 1122, 4, 1, 1459857719),
(214, 1123, 4, 1, 1459857719),
(215, 1124, 4, 1, 1459857719),
(216, 1125, 4, 1, 1459857719),
(217, 1126, 4, 1, 1459857720),
(218, 1127, 4, 1, 1459857720),
(219, 1128, 4, 1, 1459857720),
(220, 1129, 4, 1, 1459857720),
(221, 1130, 4, 1, 1459857721),
(222, 1131, 4, 1, 1459857721),
(223, 1132, 4, 1, 1459857721),
(224, 1133, 4, 1, 1459857721),
(225, 1134, 4, 1, 1459857721),
(226, 1135, 5, 3, 1459857721),
(227, 1136, 5, 3, 1459857721),
(228, 1137, 4, 1, 1459857722),
(229, 1138, 4, 1, 1459857722),
(230, 1139, 4, 1, 1459857722),
(231, 1140, 4, 1, 1459857722),
(232, 1141, 6, 2, 1459857722),
(233, 1142, 4, 1, 1459857722),
(234, 1143, 6, 2, 1459857722),
(235, 1144, 4, 1, 1459857723),
(236, 1145, 4, 1, 1459857723),
(237, 1146, 4, 1, 1459857723),
(238, 1147, 4, 1, 1459857723),
(239, 1148, 4, 1, 1459857723),
(240, 1149, 4, 1, 1459857723),
(241, 1150, 4, 1, 1459857723),
(242, 1151, 4, 1, 1459857723),
(243, 1152, 4, 1, 1459857724),
(244, 1153, 4, 1, 1459857724),
(245, 1154, 4, 1, 1459857724),
(246, 1155, 5, 3, 1459857724),
(247, 1156, 4, 1, 1459857724),
(248, 1157, 5, 3, 1459857724),
(249, 1158, 4, 1, 1459857724),
(250, 1159, 4, 1, 1459857725),
(251, 1160, 4, 1, 1459857725),
(252, 1161, 4, 1, 1459857725),
(253, 1162, 6, 2, 1459857725),
(254, 1163, 4, 1, 1459857725),
(255, 1164, 4, 1, 1459857725),
(256, 1165, 5, 3, 1459857725),
(257, 1166, 4, 1, 1459857726),
(258, 1167, 4, 1, 1459857726),
(259, 1168, 4, 1, 1459857726),
(260, 1169, 4, 1, 1459857726),
(261, 1170, 4, 1, 1459857726),
(262, 1171, 4, 1, 1459857727),
(263, 1172, 4, 1, 1459857727),
(264, 1173, 4, 1, 1459857727),
(265, 1174, 4, 1, 1459857727),
(266, 1175, 4, 1, 1459857727),
(267, 1176, 4, 1, 1459857727),
(268, 1177, 4, 1, 1459857727),
(269, 1178, 4, 1, 1459857728),
(270, 1179, 5, 3, 1459857728),
(271, 1180, 4, 1, 1459857728),
(272, 1181, 4, 1, 1459857728),
(273, 1182, 4, 1, 1459857728),
(274, 1183, 4, 1, 1459857728),
(275, 1184, 4, 1, 1459857728),
(276, 1185, 4, 1, 1459857728),
(277, 1186, 4, 1, 1459857729),
(278, 1187, 4, 1, 1459857729),
(279, 1188, 4, 1, 1459857729),
(280, 1189, 4, 1, 1459857729),
(281, 1190, 4, 1, 1459857729),
(282, 1191, 5, 3, 1459857729),
(283, 1192, 4, 1, 1459857729),
(284, 1193, 5, 3, 1459857730),
(285, 1194, 4, 1, 1459857730),
(286, 1195, 4, 1, 1459857730),
(287, 1196, 4, 1, 1459857730),
(288, 1197, 4, 1, 1459857730),
(289, 1198, 4, 1, 1459857730),
(290, 1199, 4, 1, 1459857731),
(291, 1200, 4, 1, 1459857731),
(292, 1201, 5, 3, 1459857731),
(293, 1202, 6, 2, 1459857731),
(294, 1203, 4, 1, 1459857731),
(295, 1204, 4, 1, 1459857731),
(296, 1205, 4, 1, 1459857731),
(297, 1206, 4, 1, 1459857732),
(298, 1207, 4, 1, 1459857732),
(299, 1208, 4, 1, 1459857732),
(300, 1209, 4, 1, 1459857732),
(301, 1210, 4, 1, 1459857732),
(302, 1211, 4, 1, 1459857732),
(303, 1212, 4, 1, 1459857732),
(304, 1213, 4, 1, 1459857733),
(305, 1214, 4, 1, 1459857733),
(306, 1215, 4, 1, 1459857733),
(307, 1216, 4, 1, 1459857733),
(308, 1217, 5, 3, 1459857733),
(309, 1218, 4, 1, 1459857733),
(310, 1219, 4, 1, 1459857733),
(311, 1220, 4, 1, 1459857734),
(312, 1221, 4, 1, 1459857734),
(313, 1222, 4, 1, 1459857734),
(314, 1223, 4, 1, 1459857734),
(315, 1224, 6, 2, 1459857735),
(316, 1225, 4, 1, 1459857735),
(317, 1226, 4, 1, 1459857735),
(318, 1227, 4, 1, 1459857735),
(319, 1228, 4, 1, 1459857735),
(320, 1229, 4, 1, 1459857735),
(321, 1230, 4, 1, 1459857735),
(322, 1231, 4, 1, 1459857736),
(323, 1232, 4, 1, 1459857736),
(324, 1233, 4, 1, 1459857736),
(325, 1234, 4, 1, 1459857736),
(326, 1235, 6, 2, 1459857736),
(327, 1236, 4, 1, 1459857736),
(328, 1237, 4, 1, 1459857736),
(329, 1238, 4, 1, 1459857737),
(330, 1239, 4, 1, 1459857737),
(331, 1240, 5, 3, 1459857737),
(332, 1241, 4, 1, 1459857737),
(333, 1242, 4, 1, 1459857737),
(334, 1243, 4, 1, 1459857737),
(335, 1244, 4, 1, 1459857737),
(336, 1245, 4, 1, 1459857737),
(337, 1246, 4, 1, 1459857738),
(338, 1247, 4, 1, 1459857738),
(339, 1248, 4, 1, 1459857738),
(340, 1249, 5, 3, 1459857738),
(341, 1250, 4, 1, 1459857738),
(342, 1251, 4, 1, 1459857738),
(343, 1252, 4, 1, 1459857738),
(344, 1253, 4, 1, 1459857738),
(345, 1254, 4, 1, 1459857739),
(346, 1255, 4, 1, 1459857739),
(347, 1256, 4, 1, 1459857739),
(348, 1257, 4, 1, 1459857739),
(349, 1258, 4, 1, 1459857739),
(350, 1259, 4, 1, 1459857739),
(351, 1260, 4, 1, 1459857739),
(352, 1261, 4, 1, 1459857740),
(353, 1262, 4, 1, 1459857740),
(354, 1263, 4, 1, 1459857740),
(355, 1264, 4, 1, 1459857740),
(356, 1265, 4, 1, 1459857740),
(357, 1266, 4, 1, 1459857740),
(358, 1267, 4, 1, 1459857740),
(359, 1268, 4, 1, 1459857741),
(360, 1269, 4, 1, 1459857741),
(361, 1270, 4, 1, 1459857741),
(362, 1271, 4, 1, 1459857741),
(363, 1272, 5, 3, 1459857741),
(364, 1273, 4, 1, 1459857741),
(365, 1274, 4, 1, 1459857742),
(366, 1275, 4, 1, 1459857742),
(367, 1276, 4, 1, 1459857742),
(368, 1277, 4, 1, 1459857742),
(369, 1278, 4, 1, 1459857742),
(370, 1279, 4, 1, 1459857742),
(371, 1280, 4, 1, 1459857742),
(372, 1281, 5, 3, 1459857743),
(373, 1282, 4, 1, 1459857743),
(374, 1283, 4, 1, 1459857743),
(375, 1284, 4, 1, 1459857743),
(376, 1285, 4, 1, 1459857743),
(377, 1286, 4, 1, 1459857743),
(378, 1287, 5, 3, 1459857743),
(379, 1288, 4, 1, 1459857744),
(380, 1289, 4, 1, 1459857744),
(381, 1290, 4, 1, 1459857744),
(382, 1291, 4, 1, 1459857744),
(383, 1292, 4, 1, 1459857744),
(384, 1293, 4, 1, 1459857744),
(385, 1294, 6, 2, 1459857744),
(386, 1295, 6, 2, 1459857745),
(387, 1296, 4, 1, 1459857745),
(388, 1297, 4, 1, 1459857745),
(389, 1298, 4, 1, 1459857745),
(390, 1299, 5, 3, 1459857745),
(391, 1300, 4, 1, 1459857745),
(392, 1301, 5, 3, 1459857745),
(393, 1302, 4, 1, 1459857746),
(394, 1303, 4, 1, 1459857746),
(395, 1304, 4, 1, 1459857746),
(396, 1305, 4, 1, 1459857746),
(397, 1306, 4, 1, 1459857746),
(398, 1307, 4, 1, 1459857746),
(399, 1308, 4, 1, 1459857746),
(400, 1309, 4, 1, 1459857747),
(401, 1310, 4, 1, 1459857747),
(402, 1311, 4, 1, 1459857747),
(403, 1312, 4, 1, 1459857747),
(404, 1313, 4, 1, 1459857747),
(405, 1314, 5, 3, 1459857747),
(406, 1315, 4, 1, 1459857747),
(407, 1316, 4, 1, 1459857747),
(408, 1317, 5, 3, 1459857748),
(409, 1318, 4, 1, 1459857748),
(410, 1319, 4, 1, 1459857748),
(411, 1320, 4, 1, 1459857748),
(412, 1321, 4, 1, 1459857748),
(413, 1322, 4, 1, 1459857748),
(414, 1323, 4, 1, 1459857748),
(415, 1324, 4, 1, 1459857749),
(416, 1325, 4, 1, 1459857749),
(417, 1326, 4, 1, 1459857749),
(418, 1327, 4, 1, 1459857749),
(419, 1328, 4, 1, 1459857749),
(420, 1329, 4, 1, 1459857749),
(421, 1330, 4, 1, 1459857749),
(422, 1331, 4, 1, 1459857750),
(423, 1332, 4, 1, 1459857750),
(424, 1333, 4, 1, 1459857750),
(425, 1334, 4, 1, 1459857750),
(426, 1335, 4, 1, 1459857750),
(427, 1336, 4, 1, 1459857751),
(428, 1337, 4, 1, 1459857751),
(429, 1339, 6, 2, 1459857751),
(430, 1341, 4, 1, 1459857751),
(431, 1342, 4, 1, 1459857751),
(432, 1343, 4, 1, 1459857751),
(433, 1344, 4, 1, 1459857751),
(434, 1345, 4, 1, 1459857751),
(435, 1346, 4, 1, 1459857752),
(436, 1347, 4, 1, 1459857752),
(437, 1348, 4, 1, 1459857752),
(438, 1349, 4, 1, 1459857752),
(439, 1350, 4, 1, 1459857752),
(440, 1351, 4, 1, 1459857752),
(441, 1352, 4, 1, 1459857752),
(442, 1353, 4, 1, 1459857753),
(443, 1354, 5, 3, 1459857753),
(444, 1355, 4, 1, 1459857753),
(445, 1356, 6, 2, 1459857753),
(446, 1357, 4, 1, 1459857753),
(447, 1358, 4, 1, 1459857753),
(448, 1359, 4, 1, 1459857753),
(449, 1360, 4, 1, 1459857753),
(450, 1361, 4, 1, 1459857754),
(451, 1362, 4, 1, 1459857754),
(452, 1363, 4, 1, 1459857754),
(453, 1364, 4, 1, 1459857754),
(454, 1365, 4, 1, 1459857754),
(455, 1366, 4, 1, 1459857754),
(456, 1367, 4, 1, 1459857754),
(457, 1368, 4, 1, 1459857755),
(458, 1369, 5, 3, 1459857755),
(459, 1370, 4, 1, 1459857755),
(460, 1371, 4, 1, 1459857756),
(461, 1372, 4, 1, 1459857756),
(462, 1373, 6, 2, 1459857756),
(463, 1374, 4, 1, 1459857756),
(464, 1375, 4, 1, 1459857756),
(465, 1376, 5, 3, 1459857756),
(466, 1377, 4, 1, 1459857756),
(467, 1378, 4, 1, 1459857756),
(468, 1379, 4, 1, 1459857757),
(469, 1380, 4, 1, 1459857757),
(470, 1381, 4, 1, 1459857757),
(471, 1382, 4, 1, 1459857757),
(472, 1383, 4, 1, 1459857758),
(473, 1384, 4, 1, 1459857758),
(474, 1385, 5, 3, 1459857758),
(475, 1386, 4, 1, 1459857758),
(476, 1387, 4, 1, 1459857758),
(477, 1388, 4, 1, 1459857758),
(478, 1389, 4, 1, 1459857758),
(479, 1390, 4, 1, 1459857758),
(480, 1391, 4, 1, 1459857759),
(481, 1392, 4, 1, 1459857759),
(482, 1393, 4, 1, 1459857759),
(483, 1394, 4, 1, 1459857759),
(484, 1399, 4, 1, 1459857759),
(485, 1400, 5, 3, 1459857760),
(486, 1401, 5, 3, 1459857760),
(487, 1402, 4, 1, 1459857760),
(488, 1404, 5, 3, 1459857760),
(489, 1405, 6, 2, 1459857760),
(490, 1406, 5, 3, 1459857760),
(491, 1407, 4, 1, 1459857761),
(492, 1408, 4, 1, 1459857761),
(493, 1409, 4, 1, 1459857761),
(494, 1410, 4, 1, 1459857761),
(495, 1411, 5, 3, 1459857761),
(496, 1412, 4, 1, 1459857761),
(497, 1413, 4, 1, 1459857761),
(498, 1414, 6, 2, 1459857762),
(499, 1415, 4, 1, 1459857762),
(500, 1417, 4, 1, 1459857762),
(501, 1418, 4, 1, 1459857762),
(502, 1419, 5, 3, 1459857762),
(503, 1420, 6, 2, 1459857762),
(504, 1422, 4, 1, 1459857763),
(505, 1423, 4, 1, 1459857763),
(506, 1424, 4, 1, 1459857763),
(507, 1426, 4, 1, 1459857763),
(508, 1427, 4, 1, 1459857763),
(509, 1428, 4, 1, 1459857763),
(510, 1429, 4, 1, 1459857763),
(511, 1431, 4, 1, 1459857764),
(512, 1439, 4, 1, 1459857764),
(513, 1443, 4, 1, 1459857764),
(514, 1446, 4, 1, 1459857764),
(515, 1447, 4, 1, 1459857764),
(516, 1448, 4, 1, 1459857764),
(517, 1450, 4, 1, 1459857764),
(518, 1451, 4, 1, 1459857764),
(519, 1455, 4, 1, 1459857765),
(520, 1457, 4, 1, 1459857765),
(521, 1458, 4, 1, 1459857765),
(522, 1459, 4, 1, 1459857765),
(523, 1460, 4, 1, 1459857765),
(524, 1461, 4, 1, 1459857765),
(525, 1463, 4, 1, 1459857765),
(526, 1467, 4, 1, 1459857766),
(527, 1468, 4, 1, 1459857766),
(528, 1469, 4, 1, 1459857766),
(529, 1473, 4, 1, 1459857766),
(530, 1475, 4, 1, 1459857766),
(531, 1482, 4, 1, 1459857766),
(532, 1483, 4, 1, 1459857766),
(533, 1484, 6, 2, 1459857767),
(534, 1487, 4, 1, 1459857767),
(535, 1489, 5, 3, 1459857767),
(536, 1493, 4, 1, 1459857767),
(537, 1494, 4, 1, 1459857767),
(538, 1495, 4, 1, 1459857767),
(539, 1496, 4, 1, 1459857767),
(540, 1497, 4, 1, 1459857767),
(541, 1498, 4, 1, 1459857768),
(542, 1500, 4, 1, 1459857768),
(543, 1501, 4, 1, 1459857768),
(544, 1503, 4, 1, 1459857768),
(545, 1506, 4, 1, 1459857768),
(546, 1507, 4, 1, 1459857768),
(547, 1509, 4, 1, 1459857768),
(548, 1510, 4, 1, 1459857769),
(549, 1512, 4, 1, 1459857769),
(550, 1514, 5, 3, 1459857769),
(551, 1515, 4, 1, 1459857769),
(552, 1516, 4, 1, 1459857769),
(553, 1517, 4, 1, 1459857769),
(554, 1518, 4, 1, 1459857769),
(555, 1519, 5, 3, 1459857770),
(556, 1520, 4, 1, 1459857770),
(557, 1521, 4, 1, 1459857770),
(558, 1527, 4, 1, 1459857770),
(559, 1528, 4, 1, 1459857770),
(560, 1529, 4, 1, 1459857770),
(561, 1530, 4, 1, 1459857771),
(562, 1531, 4, 1, 1459857771),
(563, 1532, 4, 1, 1459857771),
(564, 1534, 4, 1, 1459857771),
(565, 1539, 4, 1, 1459857771),
(566, 1540, 6, 2, 1459857771),
(567, 1541, 4, 1, 1459857771),
(568, 1542, 4, 1, 1459857771),
(569, 1543, 4, 1, 1459857772),
(570, 1544, 4, 1, 1459857772),
(571, 1545, 5, 3, 1459857772),
(572, 1546, 4, 1, 1459857772),
(573, 1547, 4, 1, 1459857772),
(574, 1548, 4, 1, 1459857772),
(575, 1549, 4, 1, 1459857772),
(576, 1550, 5, 3, 1459857773),
(577, 1551, 4, 1, 1459857773),
(578, 1552, 6, 2, 1459857773),
(579, 1553, 4, 1, 1459857773),
(580, 1554, 4, 1, 1459857774),
(581, 1555, 4, 1, 1459857774),
(582, 1556, 4, 1, 1459857774),
(583, 1557, 4, 1, 1459857774),
(584, 1559, 4, 1, 1459857775),
(585, 1560, 6, 2, 1459857775),
(586, 1561, 4, 1, 1459857775),
(587, 1562, 6, 2, 1459857775),
(588, 1564, 6, 2, 1459857775),
(589, 1565, 5, 3, 1459857775),
(590, 1566, 4, 1, 1459857776),
(591, 1567, 4, 1, 1459857776),
(592, 1568, 4, 1, 1459857776),
(593, 1569, 4, 1, 1459857777),
(594, 1570, 4, 1, 1459857777),
(595, 1571, 4, 1, 1459857777),
(596, 1572, 6, 2, 1459857777),
(597, 1573, 5, 3, 1459857777),
(598, 1575, 4, 1, 1459857778),
(599, 1577, 4, 1, 1459857778),
(600, 1578, 4, 1, 1459857778),
(601, 1579, 6, 2, 1459857778),
(602, 1580, 5, 3, 1459857778),
(603, 1582, 4, 1, 1459857778),
(604, 1584, 4, 1, 1459857779),
(605, 1585, 5, 3, 1459857779),
(606, 1586, 4, 1, 1459857779),
(607, 1589, 4, 1, 1459857779),
(608, 1590, 4, 1, 1459857779),
(609, 1591, 4, 1, 1459857779),
(610, 1592, 5, 3, 1459857780),
(611, 1593, 5, 3, 1459857780),
(612, 1594, 4, 1, 1459857780),
(613, 1595, 4, 1, 1459857780),
(614, 1596, 4, 1, 1459857780),
(615, 1598, 4, 1, 1459857780),
(616, 1600, 4, 1, 1459857781),
(617, 1601, 4, 1, 1459857781),
(618, 1602, 4, 1, 1459857781),
(619, 1603, 5, 3, 1459857781),
(620, 1604, 4, 1, 1459857781),
(621, 1605, 5, 3, 1459857782),
(622, 1606, 4, 1, 1459857782),
(623, 1609, 4, 1, 1459857782),
(624, 1610, 4, 1, 1459857782),
(625, 1611, 5, 3, 1459857782),
(626, 1613, 4, 1, 1459857783),
(627, 1614, 4, 1, 1459857783),
(628, 1615, 4, 1, 1459857783),
(629, 1619, 6, 2, 1459857783),
(630, 1620, 4, 1, 1459857783),
(631, 1621, 4, 1, 1459857783),
(632, 1622, 5, 3, 1459857783),
(633, 1624, 5, 3, 1459857784),
(634, 1625, 4, 1, 1459857784),
(635, 1626, 4, 1, 1459857784),
(636, 1627, 4, 1, 1459857784),
(637, 1630, 4, 1, 1459857784),
(638, 1631, 4, 1, 1459857784),
(639, 1632, 4, 1, 1459857785),
(640, 1633, 4, 1, 1459857785),
(641, 1634, 4, 1, 1459857785),
(642, 1635, 6, 2, 1459857785),
(643, 1636, 4, 1, 1459857785),
(644, 1639, 4, 1, 1459857785),
(645, 1640, 4, 1, 1459857786),
(646, 1641, 4, 1, 1459857786),
(647, 1642, 4, 1, 1459857786),
(648, 1643, 4, 1, 1459857786),
(649, 1644, 4, 1, 1459857786),
(650, 1645, 4, 1, 1459857786),
(651, 1646, 4, 1, 1459857786),
(652, 1647, 5, 3, 1459857787),
(653, 1648, 5, 3, 1459857787),
(654, 1649, 5, 3, 1459857787),
(655, 1650, 4, 1, 1459857787),
(656, 1651, 5, 3, 1459857787),
(657, 1653, 4, 1, 1459857787),
(658, 1654, 5, 3, 1459857787),
(659, 1655, 4, 1, 1459857788),
(660, 1656, 4, 1, 1459857788),
(661, 1657, 4, 1, 1459857788),
(662, 1658, 5, 3, 1459857788),
(663, 1659, 4, 1, 1459857788),
(664, 1660, 4, 1, 1459857788),
(665, 1661, 4, 1, 1459857788),
(666, 1662, 5, 3, 1459857788),
(667, 1663, 4, 1, 1459857789),
(668, 1664, 4, 1, 1459857789),
(669, 1665, 4, 1, 1459857789),
(670, 1666, 5, 3, 1459857789),
(671, 1667, 4, 1, 1459857789),
(672, 1668, 4, 1, 1459857789),
(673, 1669, 4, 1, 1459857790),
(674, 1670, 6, 2, 1459857790),
(675, 1671, 4, 1, 1459857790),
(676, 1672, 4, 1, 1459857790),
(677, 1673, 5, 3, 1459857790),
(678, 1674, 4, 1, 1459857790),
(679, 1675, 5, 3, 1459857791),
(680, 1676, 5, 3, 1459857791),
(681, 1677, 4, 1, 1459857791),
(682, 1678, 4, 1, 1459857791),
(683, 1680, 5, 3, 1459857791),
(684, 1681, 4, 1, 1459857791),
(685, 1682, 6, 2, 1459857791),
(686, 1683, 4, 1, 1459857792),
(687, 1684, 4, 1, 1459857792),
(688, 1686, 4, 1, 1459857792),
(689, 1687, 4, 1, 1459857793),
(690, 1688, 4, 1, 1459857793),
(691, 1689, 5, 3, 1459857793),
(692, 1690, 4, 1, 1459857793),
(693, 1692, 4, 1, 1459857793),
(694, 1693, 5, 3, 1459857793),
(695, 1694, 4, 1, 1459857793),
(696, 1695, 4, 1, 1459857794),
(697, 1696, 5, 3, 1459857794),
(698, 1698, 4, 1, 1459857794),
(699, 1699, 4, 1, 1459857794),
(700, 1700, 6, 2, 1459857794),
(701, 1701, 5, 3, 1459857794),
(702, 1702, 4, 1, 1459857794),
(703, 1703, 5, 3, 1459857795),
(704, 1704, 4, 1, 1459857795),
(705, 1705, 5, 3, 1459857795),
(706, 1706, 4, 1, 1459857795),
(707, 1707, 5, 3, 1459857795),
(708, 1708, 4, 1, 1459857795),
(709, 1709, 4, 1, 1459857795),
(710, 1710, 4, 1, 1459857796),
(711, 1711, 6, 2, 1459857796),
(712, 1712, 4, 1, 1459857796),
(713, 1713, 4, 1, 1459857796),
(714, 1714, 4, 1, 1459857796),
(715, 1715, 5, 3, 1459857796),
(716, 1716, 4, 1, 1459857796),
(717, 1717, 4, 1, 1459857797),
(718, 1718, 4, 1, 1459857797),
(719, 1719, 4, 1, 1459857797),
(720, 1720, 5, 3, 1459857797),
(721, 1721, 4, 1, 1459857797),
(722, 1722, 6, 2, 1459857797),
(723, 1724, 5, 3, 1459857797),
(724, 1725, 4, 1, 1459857798),
(725, 1726, 5, 3, 1459857798),
(726, 1727, 4, 1, 1459857798),
(727, 1728, 4, 1, 1459857798),
(728, 1729, 4, 1, 1459857798),
(729, 1731, 4, 1, 1459857798),
(730, 1732, 5, 3, 1459857798),
(731, 1733, 5, 3, 1459857799),
(732, 1734, 4, 1, 1459857799),
(733, 1735, 6, 2, 1459857799),
(734, 1736, 5, 3, 1459857799),
(735, 1737, 4, 1, 1459857799),
(736, 1738, 4, 1, 1459857799),
(737, 1739, 4, 1, 1459857799),
(738, 1740, 5, 3, 1459857800),
(739, 1741, 6, 2, 1459857800),
(740, 1742, 5, 3, 1459857800),
(741, 1743, 5, 3, 1459857800),
(742, 1744, 4, 1, 1459857800),
(743, 1745, 4, 1, 1459857800),
(744, 1746, 5, 3, 1459857800),
(745, 1747, 5, 3, 1459857800),
(746, 1748, 4, 1, 1459857801),
(747, 1749, 5, 3, 1459857801),
(748, 1750, 5, 3, 1459857801),
(749, 1751, 5, 3, 1459857801),
(750, 1752, 5, 3, 1459857801),
(751, 1753, 4, 1, 1459857801),
(752, 1754, 5, 3, 1459857801),
(753, 1755, 5, 3, 1459857802),
(754, 1756, 5, 3, 1459857802),
(755, 1757, 5, 3, 1459857802),
(756, 1758, 5, 3, 1459857802),
(757, 1759, 4, 1, 1459857802),
(758, 1760, 4, 1, 1459857802),
(759, 1761, 4, 1, 1459857802),
(760, 1762, 4, 1, 1459857802),
(761, 1763, 4, 1, 1459857803),
(762, 1764, 5, 3, 1459857803),
(763, 1766, 4, 1, 1459857803),
(764, 1767, 4, 1, 1459857803),
(765, 1768, 4, 1, 1459857803),
(766, 1769, 5, 3, 1459857803),
(767, 1770, 4, 1, 1459857803),
(768, 1771, 5, 3, 1459857804),
(769, 1772, 4, 1, 1459857804),
(770, 1773, 4, 1, 1459857804),
(771, 1774, 4, 1, 1459857804),
(772, 1775, 4, 1, 1459857804),
(773, 1776, 4, 1, 1459857804),
(774, 1777, 5, 3, 1459857804),
(775, 1778, 4, 1, 1459857804),
(776, 1779, 5, 3, 1459857805),
(777, 1780, 4, 1, 1459857805),
(778, 1781, 4, 1, 1459857805),
(779, 1783, 4, 1, 1459857805),
(780, 1784, 4, 1, 1459857805),
(781, 1785, 4, 1, 1459857805),
(782, 1786, 4, 1, 1459857805),
(783, 1788, 4, 1, 1459857806),
(784, 1790, 4, 1, 1459857806),
(785, 1791, 4, 1, 1459857806),
(786, 1792, 4, 1, 1459857806),
(787, 1793, 4, 1, 1459857806),
(788, 1794, 4, 1, 1459857806),
(789, 1796, 5, 3, 1459857806),
(790, 1797, 6, 2, 1459857806),
(791, 1798, 4, 1, 1459857807),
(792, 1799, 4, 1, 1459857807),
(793, 1800, 5, 3, 1459857807),
(794, 1801, 5, 3, 1459857807),
(795, 1802, 5, 3, 1459857807),
(796, 1803, 4, 1, 1459857807),
(797, 1804, 4, 1, 1459857807),
(798, 1805, 4, 1, 1459857807),
(799, 1806, 5, 3, 1459857808),
(800, 1807, 5, 3, 1459857808),
(801, 1808, 4, 1, 1459857808),
(802, 1809, 5, 3, 1459857808),
(803, 1810, 4, 1, 1459857808),
(804, 1811, 4, 1, 1459857809),
(805, 1812, 5, 3, 1459857809),
(806, 1813, 4, 1, 1459857809),
(807, 1814, 4, 1, 1459857809),
(808, 1816, 4, 1, 1459857809),
(809, 1818, 4, 1, 1459857809),
(810, 1819, 5, 3, 1459857809),
(811, 1820, 5, 3, 1459857809),
(812, 1821, 5, 3, 1459857810),
(813, 1822, 5, 3, 1459857810),
(814, 1823, 4, 1, 1459857810),
(815, 1824, 5, 3, 1459857810),
(816, 1825, 4, 1, 1459857810),
(817, 1826, 5, 3, 1459857810),
(818, 1827, 4, 1, 1459857810),
(819, 1828, 6, 2, 1459857811),
(820, 1829, 4, 1, 1459857811),
(821, 1830, 6, 2, 1459857811),
(822, 1831, 4, 1, 1459857811),
(823, 1832, 5, 3, 1459857811),
(824, 1833, 4, 1, 1459857811),
(825, 1834, 5, 3, 1459857811),
(826, 1835, 5, 3, 1459857811),
(827, 1836, 5, 3, 1459857812),
(828, 1838, 4, 1, 1459857812),
(829, 1839, 6, 2, 1459857812),
(830, 1840, 4, 1, 1459857812),
(831, 1841, 4, 1, 1459857812),
(832, 1842, 6, 2, 1459857812),
(833, 1843, 5, 3, 1459857812),
(834, 1844, 5, 3, 1459857813),
(835, 1845, 5, 3, 1459857813),
(836, 1846, 4, 1, 1459857813),
(837, 1847, 5, 3, 1459857813),
(838, 1848, 5, 3, 1459857813),
(839, 1849, 5, 3, 1459857813),
(840, 1850, 4, 1, 1459857813),
(841, 1851, 4, 1, 1459857814),
(842, 1853, 4, 1, 1459857814),
(843, 1854, 4, 1, 1459857814),
(844, 1855, 5, 3, 1459857814),
(845, 1856, 4, 1, 1459857814),
(846, 1857, 4, 1, 1459857815),
(847, 1858, 4, 1, 1459857815),
(848, 1859, 4, 1, 1459857815),
(849, 1860, 5, 3, 1459857815),
(850, 1861, 4, 1, 1459857815),
(851, 1862, 4, 1, 1459857815),
(852, 1863, 4, 1, 1459857815),
(853, 1864, 4, 1, 1459857815),
(854, 1865, 5, 3, 1459857816),
(855, 1866, 6, 2, 1459857816),
(856, 1867, 5, 3, 1459857816),
(857, 1868, 4, 1, 1459857816),
(858, 1869, 4, 1, 1459857816),
(859, 1870, 5, 3, 1459857816),
(860, 1871, 4, 1, 1459857817),
(861, 1872, 5, 3, 1459857817),
(862, 1873, 4, 1, 1459857817),
(863, 1874, 4, 1, 1459857817),
(864, 1876, 5, 3, 1459857817),
(865, 1877, 6, 2, 1459857817),
(866, 1879, 4, 1, 1459857817),
(867, 1880, 4, 1, 1459857818),
(868, 1881, 4, 1, 1459857818),
(869, 1882, 6, 2, 1459857818),
(870, 1883, 6, 2, 1459857818),
(871, 1884, 4, 1, 1459857818),
(872, 1885, 5, 3, 1459857818),
(873, 1886, 5, 3, 1459857818),
(874, 1887, 5, 3, 1459857818),
(875, 1889, 6, 2, 1459857819),
(876, 1890, 4, 1, 1459857819),
(877, 1891, 4, 1, 1459857819),
(878, 1892, 4, 1, 1459857819),
(879, 1893, 5, 3, 1459857819),
(880, 1894, 4, 1, 1459857820),
(881, 1895, 5, 3, 1459857820),
(882, 1896, 6, 2, 1459857820),
(883, 1897, 4, 1, 1459857820),
(884, 1898, 4, 1, 1459857820),
(885, 1899, 5, 3, 1459857820),
(886, 1900, 6, 2, 1459857820),
(887, 1901, 5, 3, 1459857821),
(888, 1903, 5, 3, 1459857821),
(889, 1904, 6, 2, 1459857821),
(890, 1907, 4, 1, 1459857821),
(891, 1908, 5, 3, 1459857821),
(892, 1909, 6, 2, 1459857821),
(893, 1910, 4, 1, 1459857821),
(894, 1911, 4, 1, 1459857821),
(895, 1912, 5, 3, 1459857822),
(896, 1913, 5, 3, 1459857822),
(897, 1914, 5, 3, 1459857822),
(898, 1915, 4, 1, 1459857822),
(899, 1916, 5, 3, 1459857822),
(900, 1917, 5, 3, 1459857822),
(901, 1918, 4, 1, 1459857822),
(902, 1919, 5, 3, 1459857823),
(903, 1920, 6, 2, 1459857823),
(904, 1921, 4, 1, 1459857823),
(905, 1923, 4, 1, 1459857823),
(906, 1924, 4, 1, 1459857823),
(907, 1925, 4, 1, 1459857823),
(908, 1926, 5, 3, 1459857823),
(909, 1927, 4, 1, 1459857824),
(910, 1928, 4, 1, 1459857824),
(911, 1929, 4, 1, 1459857824),
(912, 1930, 4, 1, 1459857824),
(913, 1931, 4, 1, 1459857824),
(914, 1932, 4, 1, 1459857824),
(915, 1933, 5, 3, 1459857824),
(916, 1934, 4, 1, 1459857825),
(917, 1935, 5, 3, 1459857825),
(918, 1936, 5, 3, 1459857825),
(919, 1937, 5, 3, 1459857825),
(920, 1938, 4, 1, 1459857825),
(921, 1939, 5, 3, 1459857825),
(922, 1940, 4, 1, 1459857825),
(923, 1941, 4, 1, 1459857825),
(924, 1942, 6, 2, 1459857826),
(925, 1943, 6, 2, 1459857826),
(926, 1944, 4, 1, 1459857826),
(927, 1945, 5, 3, 1459857826),
(928, 1946, 5, 3, 1459857826),
(929, 1947, 5, 3, 1459857826),
(930, 1948, 4, 1, 1459857827),
(931, 1949, 5, 3, 1459857827),
(932, 1950, 5, 3, 1459857827),
(933, 1951, 5, 3, 1459857827),
(934, 1952, 5, 3, 1459857827),
(935, 1953, 5, 3, 1459857827),
(936, 1954, 5, 3, 1459857827),
(937, 1955, 4, 1, 1459857827),
(938, 1956, 6, 2, 1459857828),
(939, 1957, 5, 3, 1459857828),
(940, 1958, 4, 1, 1459857828),
(941, 1959, 4, 1, 1459857828),
(942, 1960, 4, 1, 1459857828),
(943, 1961, 5, 3, 1459857828),
(944, 1962, 4, 1, 1459857828),
(945, 1963, 4, 1, 1459857829),
(946, 1964, 4, 1, 1459857829),
(947, 1965, 4, 1, 1459857829),
(948, 1966, 5, 3, 1459857829),
(949, 1968, 4, 1, 1459857830),
(950, 1969, 4, 1, 1459857830),
(951, 1970, 4, 1, 1459857830),
(952, 1971, 5, 3, 1459857830),
(953, 1972, 4, 1, 1459857830),
(954, 1973, 4, 1, 1459857830),
(955, 1975, 4, 1, 1459857830),
(956, 1976, 5, 3, 1459857831),
(957, 1977, 4, 1, 1459857831),
(958, 1978, 4, 1, 1459857831),
(959, 1979, 5, 3, 1459857831),
(960, 1980, 4, 1, 1459857831),
(961, 1981, 5, 3, 1459857831),
(962, 1982, 4, 1, 1459857831),
(963, 1983, 4, 1, 1459857832),
(964, 1984, 4, 1, 1459857832),
(965, 1985, 4, 1, 1459857832),
(966, 1986, 5, 3, 1459857832),
(967, 1987, 6, 2, 1459857832),
(968, 1988, 4, 1, 1459857832),
(969, 1989, 4, 1, 1459857832),
(970, 1990, 6, 2, 1459857832),
(971, 1991, 4, 1, 1459857833),
(972, 1992, 5, 3, 1459857833),
(973, 1993, 4, 1, 1459857833),
(974, 1995, 5, 3, 1459857833),
(975, 1996, 4, 1, 1459857833),
(976, 1997, 6, 2, 1459857833),
(977, 1998, 4, 1, 1459857833),
(978, 1999, 5, 3, 1459857834),
(979, 2000, 4, 1, 1459857834),
(980, 2001, 5, 3, 1459857834),
(981, 2002, 5, 3, 1459857834),
(982, 2003, 4, 1, 1459857834),
(983, 2004, 5, 3, 1459857834),
(984, 2005, 4, 1, 1459857834),
(985, 2006, 5, 3, 1459857835),
(986, 2007, 4, 1, 1459857835),
(987, 2008, 4, 1, 1459857835),
(988, 2009, 5, 3, 1459857835),
(989, 2011, 4, 1, 1459857835),
(990, 2012, 6, 2, 1459857835),
(991, 2013, 5, 3, 1459857836),
(992, 2014, 5, 3, 1459857836),
(993, 2015, 5, 3, 1459857836),
(994, 2016, 5, 3, 1459857836),
(995, 2017, 5, 3, 1459857836),
(996, 2018, 6, 2, 1459857836),
(997, 2019, 5, 3, 1459857837),
(998, 2020, 4, 1, 1459857837),
(999, 2021, 5, 3, 1459857837),
(1000, 2022, 5, 3, 1459857837),
(1001, 2023, 5, 3, 1459857837),
(1002, 2024, 5, 3, 1459857837),
(1003, 2025, 4, 1, 1459857837),
(1004, 2026, 5, 3, 1459857837),
(1005, 2027, 5, 3, 1459857838),
(1006, 2028, 4, 1, 1459857838),
(1007, 2029, 6, 2, 1459857838),
(1008, 2030, 5, 3, 1459857838),
(1009, 2031, 4, 1, 1459857838),
(1010, 2032, 4, 1, 1459857838),
(1011, 2033, 4, 1, 1459857838),
(1012, 2034, 4, 1, 1459857838),
(1013, 2035, 4, 1, 1459857839),
(1014, 2036, 5, 3, 1459857839),
(1015, 2037, 5, 3, 1459857839),
(1016, 2038, 5, 3, 1459857839),
(1017, 2039, 5, 3, 1459857839),
(1018, 2040, 4, 1, 1459857839),
(1019, 2041, 4, 1, 1459857839),
(1020, 2042, 4, 1, 1459857840),
(1021, 2043, 4, 1, 1459857840),
(1022, 2044, 5, 3, 1459857840),
(1023, 2045, 4, 1, 1459857840),
(1024, 2047, 5, 3, 1459857840),
(1025, 2048, 5, 3, 1459857840),
(1026, 2049, 5, 3, 1459857840),
(1027, 2050, 5, 3, 1459857840),
(1028, 2051, 5, 3, 1459857841),
(1029, 2052, 5, 3, 1459857841),
(1030, 2053, 5, 3, 1459857841),
(1031, 2054, 5, 3, 1459857841),
(1032, 2055, 5, 3, 1459857841),
(1033, 2056, 4, 1, 1459857841),
(1034, 2057, 5, 3, 1459857841),
(1035, 2058, 6, 2, 1459857841),
(1036, 2059, 4, 1, 1459857842),
(1037, 2060, 5, 3, 1459857842),
(1038, 2061, 5, 3, 1459857842),
(1039, 2062, 6, 2, 1459857842),
(1040, 2063, 6, 2, 1459857842),
(1041, 2064, 4, 1, 1459857842),
(1042, 2065, 4, 1, 1459857842),
(1043, 2066, 4, 1, 1459857843),
(1044, 2067, 5, 3, 1459857843),
(1045, 2068, 6, 2, 1459857843),
(1046, 2069, 6, 2, 1459857843),
(1047, 2070, 4, 1, 1459857843),
(1048, 2071, 4, 1, 1459857843),
(1049, 2072, 4, 1, 1459857843),
(1050, 2073, 6, 2, 1459857844),
(1051, 2074, 4, 1, 1459857844),
(1052, 2075, 4, 1, 1459857844),
(1053, 2076, 4, 1, 1459857844),
(1054, 2077, 4, 1, 1459857844),
(1055, 2078, 4, 1, 1459857844),
(1056, 2079, 5, 3, 1459857844),
(1057, 2080, 4, 1, 1459857845),
(1058, 2081, 5, 3, 1459857845),
(1059, 2082, 5, 3, 1459857845),
(1060, 2083, 6, 2, 1459857845),
(1061, 2084, 5, 3, 1459857845),
(1062, 2085, 4, 1, 1459857845),
(1063, 2086, 4, 1, 1459857845),
(1064, 2087, 4, 1, 1459857846),
(1065, 2088, 4, 1, 1459857846),
(1066, 2089, 4, 1, 1459857846),
(1067, 2090, 4, 1, 1459857846),
(1068, 2091, 6, 2, 1459857846),
(1069, 2093, 4, 1, 1459857846),
(1070, 2094, 4, 1, 1459857846),
(1071, 2095, 5, 3, 1459857847),
(1072, 2096, 5, 3, 1459857847),
(1073, 2097, 4, 1, 1459857847),
(1074, 2098, 5, 3, 1459857847),
(1075, 2099, 4, 1, 1459857847),
(1076, 2100, 5, 3, 1459857847),
(1077, 2101, 4, 1, 1459857847),
(1078, 2102, 4, 1, 1459857848),
(1079, 2103, 4, 1, 1459857848),
(1080, 2104, 4, 1, 1459857848),
(1081, 2105, 5, 3, 1459857848),
(1082, 2106, 4, 1, 1459857848),
(1083, 2107, 4, 1, 1459857848),
(1084, 2108, 4, 1, 1459857848),
(1085, 2109, 4, 1, 1459857849),
(1086, 2110, 4, 1, 1459857849),
(1087, 2111, 4, 1, 1459857849),
(1088, 2112, 5, 3, 1459857849),
(1089, 2113, 6, 2, 1459857849),
(1090, 2114, 4, 1, 1459857849),
(1091, 2115, 4, 1, 1459857849),
(1092, 2116, 4, 1, 1459857849),
(1093, 2117, 5, 3, 1459857850),
(1094, 2118, 5, 3, 1459857850),
(1095, 2119, 4, 1, 1459857850),
(1096, 2120, 4, 1, 1459857850),
(1097, 2121, 5, 3, 1459857850),
(1098, 2122, 5, 3, 1459857850),
(1099, 2123, 4, 1, 1459857850),
(1100, 2124, 5, 3, 1459857850),
(1101, 2125, 4, 1, 1459857851),
(1102, 2126, 4, 1, 1459857851),
(1103, 2127, 5, 3, 1459857851),
(1104, 2128, 4, 1, 1459857851),
(1105, 2129, 4, 1, 1459857851),
(1106, 2130, 4, 1, 1459857851),
(1107, 2131, 4, 1, 1459857852),
(1108, 2132, 5, 3, 1459857852),
(1109, 2133, 4, 1, 1459857852),
(1110, 2134, 4, 1, 1459857852),
(1111, 2135, 4, 1, 1459857852),
(1112, 2136, 4, 1, 1459857853),
(1113, 2137, 4, 1, 1459857853),
(1114, 2138, 6, 2, 1459857853),
(1115, 2139, 5, 3, 1459857853),
(1116, 2140, 4, 1, 1459857853),
(1117, 2141, 4, 1, 1459857853),
(1118, 2142, 4, 1, 1459857853),
(1119, 2143, 5, 3, 1459857854),
(1120, 2144, 4, 1, 1459857854),
(1121, 2145, 4, 1, 1459857854),
(1122, 2146, 5, 3, 1459857854),
(1123, 2147, 4, 1, 1459857854),
(1124, 2148, 4, 1, 1459857854),
(1125, 2149, 5, 3, 1459857854),
(1126, 2150, 4, 1, 1459857854),
(1127, 2151, 4, 1, 1459857855),
(1128, 2152, 6, 2, 1459857855),
(1129, 2153, 4, 1, 1459857855),
(1130, 2154, 6, 2, 1459857855),
(1131, 2155, 5, 3, 1459857855),
(1132, 2156, 4, 1, 1459857855),
(1133, 2157, 5, 3, 1459857855),
(1134, 2158, 4, 1, 1459857856),
(1135, 2159, 5, 3, 1459857856),
(1136, 2160, 4, 1, 1459857856),
(1137, 2161, 4, 1, 1459857856),
(1138, 2162, 4, 1, 1459857856),
(1139, 2163, 4, 1, 1459857856),
(1140, 2164, 4, 1, 1459857856),
(1141, 2166, 4, 1, 1459857856),
(1142, 2167, 4, 1, 1459857857),
(1143, 2168, 5, 3, 1459857857),
(1144, 2169, 5, 3, 1459857857),
(1145, 2170, 4, 1, 1459857857),
(1146, 2171, 4, 1, 1459857857),
(1147, 2172, 4, 1, 1459857857),
(1148, 2173, 4, 1, 1459857857),
(1149, 2174, 5, 3, 1459857857),
(1150, 2175, 4, 1, 1459857858),
(1151, 2176, 5, 3, 1459857858),
(1152, 2178, 4, 1, 1459857858),
(1153, 2179, 4, 1, 1459857858),
(1154, 2180, 5, 3, 1459857858),
(1155, 2181, 4, 1, 1459857858),
(1156, 2182, 4, 1, 1459857858),
(1157, 2183, 4, 1, 1459857859),
(1158, 2184, 4, 1, 1459857859),
(1159, 2185, 4, 1, 1459857859),
(1160, 2186, 4, 1, 1459857859),
(1161, 2187, 4, 1, 1459857859),
(1162, 2188, 4, 1, 1459857859),
(1163, 2189, 4, 1, 1459857859),
(1164, 2190, 4, 1, 1459857860),
(1165, 2191, 4, 1, 1459857860),
(1166, 2192, 4, 1, 1459857860),
(1167, 2193, 4, 1, 1459857860),
(1168, 2194, 4, 1, 1459857860),
(1169, 2195, 5, 3, 1459857860),
(1170, 2197, 4, 1, 1459857860),
(1171, 2198, 4, 1, 1459857860),
(1172, 2199, 5, 3, 1459857861),
(1173, 2200, 4, 1, 1459857861),
(1174, 2201, 4, 1, 1459857861),
(1175, 2202, 5, 3, 1459857861),
(1176, 2204, 4, 1, 1459857861),
(1177, 2205, 4, 1, 1459857861),
(1178, 2206, 6, 2, 1459857861),
(1179, 2208, 5, 3, 1459857861),
(1180, 2209, 4, 1, 1459857862),
(1181, 2210, 5, 3, 1459857862),
(1182, 2211, 5, 3, 1459857862),
(1183, 2212, 4, 1, 1459857862),
(1184, 2213, 5, 3, 1459857862),
(1185, 2214, 4, 1, 1459857862),
(1186, 2215, 4, 1, 1459857862),
(1187, 2216, 4, 1, 1459857863),
(1188, 2217, 5, 3, 1459857863),
(1189, 2218, 4, 1, 1459857863),
(1190, 2219, 4, 1, 1459857863),
(1191, 2221, 4, 1, 1459857863),
(1192, 2222, 4, 1, 1459857863),
(1193, 2223, 4, 1, 1459857863),
(1194, 2224, 4, 1, 1459857863),
(1195, 2225, 5, 3, 1459857864),
(1196, 2226, 4, 1, 1459857864),
(1197, 2227, 5, 3, 1459857864),
(1198, 2228, 5, 3, 1459857864),
(1199, 2229, 4, 1, 1459857864),
(1200, 2230, 4, 1, 1459857864),
(1201, 2231, 4, 1, 1459857864),
(1202, 2232, 5, 3, 1459857865),
(1203, 2233, 4, 1, 1459857865),
(1204, 2234, 4, 1, 1459857865),
(1205, 2235, 6, 2, 1459857865),
(1206, 2236, 4, 1, 1459857865),
(1207, 2237, 4, 1, 1459857865),
(1208, 2238, 4, 1, 1459857865),
(1209, 2239, 4, 1, 1459857866),
(1210, 2240, 4, 1, 1459857866),
(1211, 2241, 4, 1, 1459857866),
(1212, 2242, 5, 3, 1459857866),
(1213, 2243, 6, 2, 1459857866),
(1214, 2244, 4, 1, 1459857867),
(1215, 2245, 4, 1, 1459857867),
(1216, 2246, 5, 3, 1459857867),
(1217, 2249, 4, 1, 1459857867),
(1218, 2250, 4, 1, 1459857867),
(1219, 2252, 4, 1, 1459857867),
(1220, 2253, 4, 1, 1459857867),
(1221, 2254, 5, 3, 1459857867),
(1222, 2255, 4, 1, 1459857868),
(1223, 2256, 4, 1, 1459857868),
(1224, 2257, 4, 1, 1459857868),
(1225, 2258, 5, 3, 1459857868),
(1226, 2259, 4, 1, 1459857868),
(1227, 2260, 5, 3, 1459857868),
(1228, 2261, 5, 3, 1459857868),
(1229, 2262, 6, 2, 1459857869),
(1230, 2263, 5, 3, 1459857869),
(1231, 2264, 6, 2, 1459857869),
(1232, 2265, 4, 1, 1459857869),
(1233, 2266, 5, 3, 1459857869),
(1234, 2267, 6, 2, 1459857869),
(1235, 2268, 4, 1, 1459857869),
(1236, 2269, 5, 3, 1459857869),
(1237, 2270, 6, 2, 1459857870),
(1238, 2271, 4, 1, 1459857870),
(1239, 2272, 4, 1, 1459857870),
(1240, 2273, 5, 3, 1459857870),
(1241, 2274, 4, 1, 1459857870),
(1242, 2275, 4, 1, 1459857870),
(1243, 2276, 5, 3, 1459857870),
(1244, 2277, 5, 3, 1459857870),
(1245, 2278, 5, 3, 1459857871),
(1246, 2279, 5, 3, 1459857871),
(1247, 2280, 4, 1, 1459857871),
(1248, 2281, 4, 1, 1459857871),
(1249, 2282, 4, 1, 1459857871),
(1250, 2283, 4, 1, 1459857871),
(1251, 2284, 4, 1, 1459857871),
(1252, 2285, 5, 3, 1459857872),
(1253, 2286, 5, 3, 1459857872),
(1254, 2287, 4, 1, 1459857872),
(1255, 2288, 4, 1, 1459857872),
(1256, 2289, 4, 1, 1459857872),
(1257, 2290, 4, 1, 1459857872),
(1258, 2291, 4, 1, 1459857872),
(1259, 2292, 4, 1, 1459857873),
(1260, 2293, 5, 3, 1459857873),
(1261, 2294, 4, 1, 1459857873),
(1262, 2295, 4, 1, 1459857873),
(1263, 2296, 4, 1, 1459857873),
(1264, 2297, 5, 3, 1459857873),
(1265, 2298, 4, 1, 1459857873),
(1266, 2299, 4, 1, 1459857873),
(1267, 2300, 5, 3, 1459857874),
(1268, 2301, 5, 3, 1459857874),
(1269, 2302, 5, 3, 1459857874),
(1270, 2303, 5, 3, 1459857874),
(1271, 2304, 4, 1, 1459857874),
(1272, 2305, 4, 1, 1459857874),
(1273, 2306, 4, 1, 1459857874),
(1274, 2307, 4, 1, 1459857875),
(1275, 2308, 4, 1, 1459857875),
(1276, 2309, 5, 3, 1459857875),
(1277, 2310, 4, 1, 1459857875),
(1278, 2311, 4, 1, 1459857875),
(1279, 2312, 4, 1, 1459857875),
(1280, 2313, 6, 2, 1459857875),
(1281, 2314, 4, 1, 1459857876),
(1282, 2315, 6, 2, 1459857876),
(1283, 2316, 5, 3, 1459857876),
(1284, 2317, 4, 1, 1459857876),
(1285, 2318, 4, 1, 1459857876),
(1286, 2319, 5, 3, 1459857876),
(1287, 2320, 5, 3, 1459857876),
(1288, 2321, 4, 1, 1459857876),
(1289, 2322, 4, 1, 1459857877),
(1290, 2323, 5, 3, 1459857877),
(1291, 2324, 6, 2, 1459857877),
(1292, 2325, 5, 3, 1459857877),
(1293, 2326, 5, 3, 1459857877),
(1294, 2327, 4, 1, 1459857877),
(1295, 2328, 4, 1, 1459857877),
(1296, 2329, 5, 3, 1459857878),
(1297, 2330, 5, 3, 1459857878),
(1298, 2331, 4, 1, 1459857878),
(1299, 2332, 5, 3, 1459857878),
(1300, 2333, 5, 3, 1459857878),
(1301, 2335, 5, 3, 1459857878),
(1302, 2336, 4, 1, 1459857878),
(1303, 2337, 5, 3, 1459857879),
(1304, 2338, 5, 3, 1459857879),
(1305, 2339, 4, 1, 1459857879),
(1306, 2340, 4, 1, 1459857879),
(1307, 2341, 4, 1, 1459857879),
(1308, 2342, 5, 3, 1459857879),
(1309, 2343, 4, 1, 1459857879),
(1310, 2344, 4, 1, 1459857879),
(1311, 2345, 5, 3, 1459857880),
(1312, 2346, 4, 1, 1459857880),
(1313, 2347, 4, 1, 1459857880),
(1314, 2348, 5, 3, 1459857880),
(1315, 2349, 4, 1, 1459857880),
(1316, 2350, 4, 1, 1459857880),
(1317, 2351, 5, 3, 1459857880),
(1318, 2352, 4, 1, 1459857880),
(1319, 2353, 5, 3, 1459857881),
(1320, 2354, 4, 1, 1459857881),
(1321, 2355, 4, 1, 1459857881),
(1322, 2357, 4, 1, 1459857881),
(1323, 2358, 4, 1, 1459857881),
(1324, 2359, 4, 1, 1459857881),
(1325, 2360, 4, 1, 1459857881),
(1326, 2361, 5, 3, 1459857882),
(1327, 2362, 5, 3, 1459857882),
(1328, 2363, 4, 1, 1459857882),
(1329, 2364, 4, 1, 1459857882),
(1330, 2365, 4, 1, 1459857882),
(1331, 2366, 5, 3, 1459857882),
(1332, 2367, 4, 1, 1459857882),
(1333, 2368, 6, 2, 1459857883),
(1334, 2369, 4, 1, 1459857883),
(1335, 2370, 4, 1, 1459857883),
(1336, 2371, 5, 3, 1459857883),
(1337, 2372, 5, 3, 1459857883),
(1338, 2373, 4, 1, 1459857883),
(1339, 2374, 5, 3, 1459857883),
(1340, 2375, 4, 1, 1459857884),
(1341, 2376, 4, 1, 1459857884),
(1342, 2377, 6, 2, 1459857884),
(1343, 2378, 4, 1, 1459857884),
(1344, 2379, 5, 3, 1459857884),
(1345, 2380, 4, 1, 1459857884),
(1346, 2381, 5, 3, 1459857885),
(1347, 2382, 4, 1, 1459857885),
(1348, 2383, 4, 1, 1459857885),
(1349, 2384, 5, 3, 1459857885),
(1350, 2385, 4, 1, 1459857885),
(1351, 2387, 5, 3, 1459857885),
(1352, 2388, 4, 1, 1459857885),
(1353, 2389, 5, 3, 1459857886),
(1354, 2390, 4, 1, 1459857886),
(1355, 2391, 4, 1, 1459857886),
(1356, 2392, 5, 3, 1459857886),
(1357, 2393, 4, 1, 1459857886),
(1358, 2394, 4, 1, 1459857886),
(1359, 2395, 5, 3, 1459857886),
(1360, 2396, 5, 3, 1459857887),
(1361, 2397, 5, 3, 1459857887),
(1362, 2400, 5, 3, 1459857887),
(1363, 2401, 6, 2, 1459857887),
(1364, 2402, 5, 3, 1459857887),
(1365, 2403, 4, 1, 1459857887),
(1366, 2404, 4, 1, 1459857887),
(1367, 2405, 4, 1, 1459857888),
(1368, 2406, 4, 1, 1459857888),
(1369, 2407, 5, 3, 1459857888),
(1370, 2408, 5, 3, 1459857888),
(1371, 2409, 4, 1, 1459857888),
(1372, 2410, 5, 3, 1459857888),
(1373, 2411, 5, 3, 1459857888),
(1374, 2412, 4, 1, 1459857889),
(1375, 2413, 4, 1, 1459857889),
(1376, 2414, 4, 1, 1459857889),
(1377, 2415, 4, 1, 1459857889),
(1378, 2416, 4, 1, 1459857889),
(1379, 2417, 5, 3, 1459857889),
(1380, 2418, 4, 1, 1459857889),
(1381, 2419, 5, 3, 1459857889),
(1382, 2420, 5, 3, 1459857890),
(1383, 2421, 5, 3, 1459857890),
(1384, 2423, 4, 1, 1459857890),
(1385, 2424, 5, 3, 1459857890),
(1386, 2425, 4, 1, 1459857890),
(1387, 2426, 4, 1, 1459857890),
(1388, 2427, 4, 1, 1459857890),
(1389, 2429, 4, 1, 1459857890),
(1390, 2430, 4, 1, 1459857891),
(1391, 2431, 4, 1, 1459857891),
(1392, 2432, 4, 1, 1459857891),
(1393, 2433, 4, 1, 1459857891),
(1394, 2434, 4, 1, 1459857891),
(1395, 2435, 4, 1, 1459857891),
(1396, 2436, 4, 1, 1459857891),
(1397, 2437, 5, 3, 1459857892),
(1398, 2438, 4, 1, 1459857892),
(1399, 2439, 4, 1, 1459857892),
(1400, 2440, 4, 1, 1459857892),
(1401, 2441, 4, 1, 1459857892),
(1402, 2442, 4, 1, 1459857892),
(1403, 2443, 4, 1, 1459857892),
(1404, 2444, 4, 1, 1459857892),
(1405, 2445, 4, 1, 1459857893),
(1406, 2446, 4, 1, 1459857893),
(1407, 2447, 4, 1, 1459857893),
(1408, 2448, 4, 1, 1459857893),
(1409, 2449, 4, 1, 1459857893),
(1410, 2450, 4, 1, 1459857893),
(1411, 2451, 5, 3, 1459857893),
(1412, 2452, 5, 3, 1459857894),
(1413, 2455, 6, 2, 1459857894),
(1414, 2456, 5, 3, 1459857894),
(1415, 2457, 5, 3, 1459857894),
(1416, 2458, 4, 1, 1459857894),
(1417, 2459, 5, 3, 1459857894),
(1418, 2460, 4, 1, 1459857894),
(1419, 2461, 4, 1, 1459857895),
(1420, 2462, 4, 1, 1459857895),
(1421, 2463, 6, 2, 1459857895),
(1422, 2464, 5, 3, 1459857895),
(1423, 2465, 4, 1, 1459857896),
(1424, 2466, 5, 3, 1459857896),
(1425, 2467, 4, 1, 1459857896),
(1426, 2468, 5, 3, 1459857896),
(1427, 2469, 4, 1, 1459857896),
(1428, 2470, 4, 1, 1459857896),
(1429, 2471, 4, 1, 1459857897),
(1430, 2473, 4, 1, 1459857897),
(1431, 2474, 4, 1, 1459857897),
(1432, 2475, 5, 3, 1459857897),
(1433, 2476, 4, 1, 1459857897),
(1434, 2477, 4, 1, 1459857897),
(1435, 2478, 4, 1, 1459857897),
(1436, 2479, 4, 1, 1459857898),
(1437, 2480, 4, 1, 1459857898),
(1438, 2481, 4, 1, 1459857898),
(1439, 2482, 4, 1, 1459857898),
(1440, 2483, 4, 1, 1459857898),
(1441, 2484, 4, 1, 1459857898),
(1442, 2485, 4, 1, 1459857898),
(1443, 2486, 4, 1, 1459857899),
(1444, 2487, 4, 1, 1459857899),
(1445, 2488, 4, 1, 1459857899),
(1446, 2489, 4, 1, 1459857899),
(1447, 2490, 4, 1, 1459857899),
(1448, 2491, 4, 1, 1459857899),
(1449, 2492, 4, 1, 1459857899),
(1450, 2493, 4, 1, 1459857900),
(1451, 2494, 5, 3, 1459857900),
(1452, 2495, 4, 1, 1459857900),
(1453, 2496, 4, 1, 1459857900),
(1454, 2497, 5, 3, 1459857900),
(1455, 2498, 4, 1, 1459857900),
(1456, 2499, 5, 3, 1459857900),
(1457, 2500, 6, 2, 1459857900),
(1458, 2501, 4, 1, 1459857901),
(1459, 2502, 4, 1, 1459857901),
(1460, 2504, 4, 1, 1459857901),
(1461, 2505, 5, 3, 1459857901),
(1462, 2506, 4, 1, 1459857901),
(1463, 2507, 5, 3, 1459857901),
(1464, 2508, 4, 1, 1459857901),
(1465, 2509, 4, 1, 1459857902),
(1466, 2510, 4, 1, 1459857902),
(1467, 2511, 5, 3, 1459857902),
(1468, 2512, 5, 3, 1459857902),
(1469, 2513, 5, 3, 1459857902),
(1470, 2518, 5, 3, 1459857902),
(1471, 2519, 4, 1, 1459857902),
(1472, 2520, 4, 1, 1459857903),
(1473, 2522, 4, 1, 1459857903),
(1474, 2523, 4, 1, 1459857903),
(1475, 2524, 4, 1, 1459857903),
(1476, 2525, 4, 1, 1459857903),
(1477, 2526, 4, 1, 1459857904),
(1478, 2527, 4, 1, 1459857904),
(1479, 2528, 4, 1, 1459857904),
(1480, 2529, 4, 1, 1459857904),
(1481, 2530, 4, 1, 1459857904),
(1482, 2531, 4, 1, 1459857904),
(1483, 2532, 4, 1, 1459857904),
(1484, 2533, 4, 1, 1459857905),
(1485, 2534, 5, 3, 1459857905),
(1486, 2535, 5, 3, 1459857905),
(1487, 2536, 5, 3, 1459857905),
(1488, 2537, 5, 3, 1459857905),
(1489, 2538, 5, 3, 1459857905),
(1490, 2539, 4, 1, 1459857905),
(1491, 2540, 5, 3, 1459857905),
(1492, 2541, 4, 1, 1459857906),
(1493, 2542, 5, 3, 1459857906),
(1494, 2543, 4, 1, 1459857906),
(1495, 2544, 5, 3, 1459857906),
(1496, 2545, 4, 1, 1459857906),
(1497, 2546, 4, 1, 1459857906),
(1498, 2547, 4, 1, 1459857906),
(1499, 2548, 4, 1, 1459857907),
(1500, 2549, 4, 1, 1459857907),
(1501, 2550, 5, 3, 1459857907),
(1502, 2551, 4, 1, 1459857907),
(1503, 2552, 6, 2, 1459857907),
(1504, 2553, 4, 1, 1459857907),
(1505, 2554, 4, 1, 1459857907),
(1506, 2555, 4, 1, 1459857908),
(1507, 2556, 5, 3, 1459857908),
(1508, 2558, 4, 1, 1459857908),
(1509, 2560, 4, 1, 1459857908),
(1510, 2561, 4, 1, 1459857908),
(1511, 2562, 5, 3, 1459857908),
(1512, 2563, 5, 3, 1459857908),
(1513, 2564, 5, 3, 1459857908),
(1514, 2565, 4, 1, 1459857909),
(1515, 2566, 4, 1, 1459857909),
(1516, 2567, 5, 3, 1459857909),
(1517, 2568, 4, 1, 1459857909),
(1518, 2569, 5, 3, 1459857909),
(1519, 2570, 4, 1, 1459857909),
(1520, 2571, 4, 1, 1459857909),
(1521, 2572, 4, 1, 1459857910),
(1522, 2573, 4, 1, 1459857910),
(1523, 2574, 4, 1, 1459857910),
(1524, 2575, 4, 1, 1459857910),
(1525, 2576, 4, 1, 1459857910),
(1526, 2577, 6, 2, 1459857910),
(1527, 2578, 4, 1, 1459857910),
(1528, 2579, 4, 1, 1459857911),
(1529, 2580, 4, 1, 1459857911),
(1530, 2581, 5, 3, 1459857911),
(1531, 2582, 4, 1, 1459857911),
(1532, 2583, 4, 1, 1459857911),
(1533, 2584, 5, 3, 1459857911),
(1534, 2585, 5, 3, 1459857911),
(1535, 2586, 4, 1, 1459857911),
(1536, 2587, 4, 1, 1459857912),
(1537, 2588, 5, 3, 1459857912),
(1538, 2589, 5, 3, 1459857912),
(1539, 2590, 4, 1, 1459857912),
(1540, 2591, 4, 1, 1459857912),
(1541, 2592, 5, 3, 1459857912),
(1542, 2593, 4, 1, 1459857912),
(1543, 2594, 4, 1, 1459857912),
(1544, 2595, 5, 3, 1459857913),
(1545, 2596, 5, 3, 1459857913),
(1546, 2597, 4, 1, 1459857913),
(1547, 2598, 4, 1, 1459857913),
(1548, 2600, 6, 2, 1459857913),
(1549, 2601, 4, 1, 1459857914),
(1550, 2602, 4, 1, 1459857914),
(1551, 2603, 4, 1, 1459857914),
(1552, 2604, 5, 3, 1459857914),
(1553, 2605, 5, 3, 1459857914),
(1554, 2606, 4, 1, 1459857914),
(1555, 2607, 4, 1, 1459857914),
(1556, 2608, 4, 1, 1459857914),
(1557, 2609, 5, 3, 1459857915),
(1558, 2610, 4, 1, 1459857915),
(1559, 2611, 4, 1, 1459857915),
(1560, 2613, 5, 3, 1459857915),
(1561, 2614, 4, 1, 1459857915),
(1562, 2615, 4, 1, 1459857915),
(1563, 2616, 4, 1, 1459857916),
(1564, 2617, 4, 1, 1459857916),
(1565, 2618, 5, 3, 1459857916),
(1566, 2619, 4, 1, 1459857916),
(1567, 2620, 4, 1, 1459857916),
(1568, 2621, 4, 1, 1459857916),
(1569, 2624, 5, 3, 1459857917),
(1570, 2625, 6, 2, 1459857917),
(1571, 2627, 4, 1, 1459857917),
(1572, 2629, 4, 1, 1459857917),
(1573, 2630, 4, 1, 1459857917),
(1574, 2631, 4, 1, 1459857917),
(1575, 2632, 4, 1, 1459857917),
(1576, 2633, 5, 3, 1459857917),
(1577, 2634, 4, 1, 1459857918),
(1578, 2635, 4, 1, 1459857918),
(1579, 2636, 4, 1, 1459857918),
(1580, 2637, 4, 1, 1459857918),
(1581, 2638, 4, 1, 1459857918),
(1582, 2640, 4, 1, 1459857918),
(1583, 2641, 6, 2, 1459857919),
(1584, 2642, 4, 1, 1459857919),
(1585, 2643, 5, 3, 1459857919),
(1586, 2644, 5, 3, 1459857919),
(1587, 2645, 4, 1, 1459857919),
(1588, 2646, 4, 1, 1459857919),
(1589, 2647, 5, 3, 1459857920),
(1590, 2648, 4, 1, 1459857920),
(1591, 2649, 4, 1, 1459857920),
(1592, 2650, 4, 1, 1459857921),
(1593, 2651, 4, 1, 1459857921),
(1594, 2652, 5, 3, 1459857921),
(1595, 2653, 4, 1, 1459857921),
(1596, 2654, 5, 3, 1459857921);

--
-- Indexes for dumped tables
--

--
-- Indexes for table `user_ref_org`
--
ALTER TABLE `user_ref_org`
  ADD PRIMARY KEY (`id`);

--
-- 在导出的表使用AUTO_INCREMENT
--

--
-- 使用表AUTO_INCREMENT `user_ref_org`
--
ALTER TABLE `user_ref_org`
  MODIFY `id` int(11) UNSIGNED NOT NULL AUTO_INCREMENT COMMENT '主键', AUTO_INCREMENT=1597;